{"stats":{"minecraft:killed":{"minecraft:cave_spider":1,"minecraft:skeleton":37,"alexsmobs:leafcutter_ant":4,"alexscaves:gammaroach":10,"minecraft:pillager":5,"minecraft:zombie":79,"takesapillage:archer":9,"alexscaves:brainiac":6,"alexsmobs:raccoon":2,"minecraft:vindicator":2,"alexsmobs:rocky_roller":1,"minecraft:enderman":2,"minecraft:witch":4,"minecraft:spider":10,"minecraft:silverfish":26,"minecraft:zombie_villager":1,"minecraft:creeper":12,"minecraft:sheep":3,"takesapillage:legioner":6,"alexscaves:nucleeper":4,"minecraft:phantom":17,"alexsmobs:blue_jay":1,"alexsmobs:bison":1,"takesapillage:skirmisher":3,"alexsmobs:emu":1,"alexsmobs:cockroach":2,"alexsmobs:crow":1},"minecraft:dropped":{"sophisticatedbackpacks:iron_backpack":1,"minecraft:iron_sword":2,"croptopia:cheese":9,"farmersdelight:cooked_rice":6,"minecraft:cracked_stone_bricks":1,"croptopia:grilled_cheese":18,"sophisticatedbackpacks:gold_backpack":2,"minecraft:gold_block":1,"minecraft:dark_oak_fence":2,"minecraft:bone_meal":6,"minecraft:iron_pickaxe":2,"minecraft:stone_axe":2,"alexscaves:waste_drum":2,"alexscaves:cave_tablet":5,"croptopia:leek":2,"minecraft:rotten_flesh":3,"minecraft:oak_planks":22,"minecraft:jungle_log":2,"minecraft:glass":92,"minecraft:stone_brick_stairs":4,"croptopia:greenonion":1,"minecraft:iron_ingot":1,"minecraft:wheat_seeds":24,"minecraft:iron_helmet":3,"minecraft:cobblestone":5,"minecraft:coal":9,"minecraft:polished_andesite":1,"croptopia:grape_seed":1,"alexscaves:cinder_block":1,"minecraft:potion":13,"minecraft:mud":2,"croptopia:turmeric_seed":2,"minecraft:paper":20,"minecraft:iron_shovel":1,"minecraft:string":32,"minecraft:stone_brick_slab":2,"croptopia:elderberry":1,"minecraft:green_terracotta":2,"minecraft:stone_sword":2,"minecraft:cocoa_beans":4,"croptopia:strawberry":1,"croptopia:blackberry_seed":3,"croptopia:raspberry_seed":4,"minecraft:iron_boots":4,"alexscaves:cave_codex":4,"sophisticatedbackpacks:backpack":4,"minecraft:stone_slab":3,"minecraft:shears":1,"supplementaries:quiver":1,"minecraft:peony":1,"minecraft:stone_bricks":1,"minecraft:bamboo":19,"sophisticatedbackpacks:copper_backpack":1,"farmersdelight:tomato":1,"minecraft:moss_block":2,"croptopia:turmeric":1,"alexscaves:nuclear_furnace_component":1,"minecraft:ender_pearl":1,"minecraft:dark_oak_sapling":2,"croptopia:elderberry_seed":1,"minecraft:lantern":2,"minecraft:mossy_cobblestone_wall":1,"croptopia:salt":32,"minecraft:birch_slab":19,"minecraft:flint":1,"croptopia:tomato_seed":4,"alexscaves:galena":19,"alexscaves:cave_map":4,"minecraft:gravel":13,"croptopia:onion":1,"alexscaves:cinder_block_wall":1,"minecraft:spyglass":3,"minecraft:andesite_slab":7,"alexscaves:radrock":15,"croptopia:strawberry_seed":3,"minecraft:stone_stairs":1,"minecraft:carrot":3,"croptopia:blueberry_seed":1,"minecraft:poppy":7,"supplementaries:ash":14,"croptopia:greenonion_seed":2,"minecraft:mossy_stone_brick_wall":2,"minecraft:skeleton_skull":1,"minecraft:beetroot_seeds":6,"minecraft:stone_brick_wall":2,"spelunkers_charm:rock":2,"minecraft:arrow":54,"minecraft:water_bucket":1,"minecraft:bread":162,"minecraft:poisonous_potato":7,"croptopia:blackberry":1,"croptopia:grape":1,"minecraft:grass_block":1,"minecraft:stick":1,"croptopia:lemon":2,"alexscaves:holocoder":1,"minecraft:iron_leggings":2,"minecraft:iron_axe":2,"minecraft:orange_bed":1,"minecraft:pink_petals":5,"minecraft:bucket":7,"minecraft:sweet_berries":2,"minecraft:coarse_dirt":12,"minecraft:tuff":16,"supplementaries:bomb":1,"croptopia:rhubarb_seed":1,"minecraft:green_concrete":3,"croptopia:rhubarb":1,"minecraft:shield":1,"minecraft:diamond_chestplate":1,"croptopia:kiwi_seed":1,"minecraft:iron_chestplate":3,"minecraft:andesite":2,"minecraft:mossy_stone_bricks":2,"minecraft:oak_sapling":3,"minecraft:diamond_boots":1,"minecraft:stone_pickaxe":2},"minecraft:used":{"farmersdelight:cabbage_seeds":12,"minecraft:chest":15,"minecraft:rotten_flesh":9,"minecraft:jungle_sapling":1,"minecraft:lava_bucket":2,"alexscaves:metal_barrel":3,"minecraft:bow":344,"minecraft:sweet_berries":284,"minecraft:furnace":36,"croptopia:lime":5,"minecraft:oak_sapling":1,"minecraft:potato":2,"minecraft:damaged_anvil":3,"minecraft:spruce_door":4,"croptopia:tomato":3,"minecraft:blackstone":23,"minecraft:wooden_pickaxe":4,"minecraft:glow_berries":28,"minecraft:birch_slab":18,"minecraft:lectern":61,"minecraft:poisonous_potato":4,"alexscaves:magnetic_light":2,"alexscaves:green_soylent":1,"minecraft:stone_sword":104,"minecraft:armor_stand":2,"croptopia:glowing_calamari":4,"minecraft:torch":165,"croptopia:raspberry":2,"alexscaves:resistor_shield":4,"minecraft:iron_axe":183,"minecraft:melon_seeds":6,"minecraft:barrel":11,"minecraft:bamboo":57,"farmersdelight:cooking_pot":4,"minecraft:acacia_planks":1,"minecraft:cobbled_deepslate":100,"alexscaves:quarry_smasher":1,"minecraft:wheat_seeds":343,"minecraft:water_bucket":50,"minecraft:birch_planks":2,"minecraft:oak_slab":4,"minecraft:crafting_table":10,"minecraft:red_bed":3,"minecraft:campfire":1,"minecraft:spruce_log":7,"minecraft:diamond_pickaxe":549,"minecraft:iron_pickaxe":2251,"minecraft:suspicious_stew":1,"minecraft:potion":1,"minecraft:cobblestone":250,"minecraft:purple_bed":1,"alexscaves:radrock":95,"minecraft:jukebox":3,"alexscaves:hologram_projector":2,"minecraft:iron_shovel":518,"minecraft:shield":122,"minecraft:iron_sword":660,"minecraft:oxidized_cut_copper":1,"minecraft:carrot":4,"minecraft:music_disc_13":5,"minecraft:milk_bucket":1,"minecraft:glass":31,"alexscaves:acid_bucket":32,"minecraft:lantern":2,"farmersdelight:tomato_sauce":2,"croptopia:pear":2,"minecraft:stone_pickaxe":261,"minecraft:sugar_cane":18,"minecraft:blue_bed":1,"minecraft:white_wool":3,"minecraft:melon_slice":189,"minecraft:bread":27,"croptopia:greenonion":1,"minecraft:bone_meal":13,"minecraft:golden_pickaxe":29,"minecraft:stone_shovel":136,"minecraft:spruce_planks":2,"minecraft:stone_hoe":290,"minecraft:dirt":274,"minecraft:spyglass":77,"minecraft:bee_nest":1,"minecraft:bookshelf":5,"minecraft:oak_stairs":2,"alexscaves:nuclear_furnace_component":5,"croptopia:greenbean_seed":1,"minecraft:pumpkin":1,"farmersdelight:skillet":1,"minecraft:glass_bottle":3,"croptopia:grilled_cheese":21,"minecraft:green_bed":2,"minecraft:brown_banner":1,"minecraft:spider_eye":1,"bosses_of_mass_destruction:soul_star":2,"minecraft:stone_axe":125,"minecraft:bucket":122,"alexsmobs:animal_dictionary":1},"minecraft:custom":{"minecraft:interact_with_crafting_table":130,"minecraft:open_barrel":196,"minecraft:leave_game":19,"minecraft:time_since_death":1060670,"minecraft:damage_blocked_by_shield":3375,"minecraft:play_time":1060670,"minecraft:jump":10858,"minecraft:enchant_item":6,"minecraft:interact_with_furnace":446,"minecraft:play_record":5,"minecraft:traded_with_villager":1,"minecraft:sleep_in_bed":20,"minecraft:damage_dealt":27313,"minecraft:inspect_dispenser":2,"minecraft:horse_one_cm":1889464,"minecraft:interact_with_anvil":10,"minecraft:inspect_hopper":1,"minecraft:damage_dealt_absorbed":12,"minecraft:sneak_time":19736,"minecraft:total_world_time":1060670,"minecraft:time_since_rest":9930,"minecraft:swim_one_cm":6582,"minecraft:fly_one_cm":1588913,"minecraft:open_chest":575,"minecraft:fall_one_cm":260121,"minecraft:sprint_one_cm":1009102,"minecraft:drop":239,"minecraft:talked_to_villager":80,"minecraft:walk_on_water_one_cm":85059,"minecraft:interact_with_loom":18,"minecraft:crouch_one_cm":57110,"minecraft:mob_kills":254,"minecraft:damage_dealt_resisted":202,"minecraft:climb_one_cm":9955,"minecraft:walk_one_cm":3339023,"minecraft:walk_under_water_one_cm":50002,"minecraft:damage_taken":7428},"minecraft:mined":{"croptopia:grape_crop":1,"alexsmobs:leafcutter_anthill":1,"minecraft:jungle_leaves":23,"croptopia:lime_crop":5,"minecraft:acacia_log":8,"minecraft:jungle_log":9,"minecraft:green_concrete":3,"minecraft:hopper":1,"minecraft:chiseled_stone_bricks":1,"minecraft:magma_block":265,"minecraft:cobbled_deepslate":16,"minecraft:fire":4,"minecraft:barrel":9,"minecraft:pumpkin":5,"minecraft:deepslate_lapis_ore":2,"biomesoplenty:webbing":3,"amendments:wall_lantern":1,"minecraft:tripwire":5,"minecraft:orange_bed":2,"minecraft:red_bed":3,"minecraft:amethyst_cluster":9,"croptopia:turnip_crop":1,"minecraft:torch":63,"minecraft:melon":56,"croptopia:raspberry_crop":2,"farmersdelight:cabbages":1,"minecraft:glass":3,"minecraft:sugar_cane":9,"minecraft:damaged_anvil":2,"minecraft:chain":1,"minecraft:repeater":1,"minecraft:mud":2,"minecraft:wheat":216,"croptopia:pear_crop":10,"minecraft:jukebox":2,"minecraft:grass":82,"minecraft:smooth_basalt":3,"minecraft:red_mushroom_block":5,"minecraft:deepslate":479,"croptopia:orange_crop":1,"minecraft:mossy_cobblestone":17,"alexscaves:radrock":380,"biomesoplenty:desert_grass":2,"alexscaves:metal_barrel":2,"croptopia:persimmon_crop":18,"minecraft:dark_oak_fence":2,"minecraft:redstone_wire":1,"alexsmobs:leafcutter_ant_chamber":22,"minecraft:moss_block":2,"minecraft:green_terracotta":2,"minecraft:potatoes":1,"croptopia:rhubarb_crop":1,"biomesoplenty:high_grass":36,"minecraft:vine":7,"croptopia:elderberry_crop":1,"minecraft:bamboo_sapling":4,"minecraft:bamboo":8,"minecraft:white_wool":6,"minecraft:oak_slab":1,"minecraft:lily_of_the_valley":1,"croptopia:sweetpotato_crop":1,"spelunkers_charm:dead_grass":6,"minecraft:campfire":1,"biomesoplenty:high_grass_plant":71,"croptopia:lemon_crop":1,"minecraft:tall_grass":16,"minecraft:copper_ore":2,"minecraft:deepslate_gold_ore":1,"farmersdelight:wild_tomatoes":1,"minecraft:purple_bed":3,"minecraft:coarse_dirt":11,"minecraft:spruce_log":17,"minecraft:dripstone_block":28,"alexscaves:geothermal_vent_thin":4,"minecraft:sunflower":1,"croptopia:blackberry_crop":1,"minecraft:gravel":26,"biomesoplenty:stringy_cobweb":1,"croptopia:rutabaga_crop":3,"minecraft:cobweb":17,"minecraft:stone_bricks":1,"alexscaves:nuclear_furnace_component":6,"minecraft:gold_ore":1,"minecraft:fern":20,"croptopia:bellpepper_crop":1,"minecraft:spruce_planks":3,"croptopia:greenbean_crop":1,"alexscaves:geothermal_vent_medium":3,"croptopia:strawberry_crop":1,"minecraft:cobblestone_stairs":1,"minecraft:sculk_vein":14,"alexscaves:geothermal_vent":6,"minecraft:grass_block":95,"alexscaves:sulfur":17,"minecraft:iron_ore":101,"biomesoplenty:hanging_cobweb":2,"minecraft:pointed_dripstone":13,"alexscaves:underweed":1,"minecraft:green_bed":1,"minecraft:deepslate_redstone_ore":13,"minecraft:blackstone":104,"alexscaves:cinder_block_wall":1,"minecraft:calcite":4,"minecraft:mossy_cobblestone_wall":1,"minecraft:poppy":1,"minecraft:chest":5,"minecraft:cobblestone":62,"spelunkers_charm:deepslate_geyser":1,"minecraft:oak_planks":9,"minecraft:iron_door":2,"minecraft:wall_torch":11,"minecraft:stone_stairs":1,"spelunkers_charm:rock_pile_3":1,"minecraft:oak_log":42,"alexscaves:cinder_block":1,"minecraft:sand":476,"minecraft:dirt":107,"alexscaves:unrefined_waste":2,"minecraft:oak_leaves":87,"minecraft:diamond_ore":42,"minecraft:tuff":8,"minecraft:dark_oak_leaves":4,"minecraft:deepslate_diamond_ore":15,"minecraft:glow_lichen":2,"alexscaves:sulfur_cluster":9,"farmersdelight:tomatoes":4,"minecraft:birch_slab":4,"minecraft:spruce_leaves":10,"minecraft:large_fern":3,"minecraft:hay_block":45,"alexscaves:radrock_uranium_ore":86,"minecraft:oxidized_cut_copper":1,"minecraft:furnace":25,"minecraft:carrots":3,"minecraft:stripped_spruce_log":7,"minecraft:gold_block":1,"minecraft:bell":1,"minecraft:bookshelf":15,"minecraft:deepslate_iron_ore":5,"minecraft:lantern":1,"alexscaves:hologram_projector":1,"croptopia:greenonion_crop":1,"minecraft:stone":1228,"farmersdelight:cooking_pot":3,"minecraft:acacia_leaves":1,"minecraft:infested_stone_bricks":5,"minecraft:spruce_door":1,"minecraft:crafting_table":4,"minecraft:rose_bush":2,"minecraft:andesite_slab":3,"minecraft:sculk_sensor":4,"minecraft:lectern":59,"minecraft:stone_slab":1,"biomesoplenty:sprout":15,"minecraft:sculk":433,"minecraft:blue_bed":1,"supplementaries:urn":4,"minecraft:spruce_stairs":4,"minecraft:birch_planks":26,"alexscaves:nuclear_siren":1,"minecraft:sweet_berry_bush":7,"biomesoplenty:pink_daffodil":1,"minecraft:bee_nest":6,"croptopia:tomato_crop":4,"minecraft:coal_ore":61,"minecraft:cocoa":12,"minecraft:cracked_stone_bricks":1,"minecraft:polished_andesite":1},"minecraft:broken":{"minecraft:iron_boots":1,"minecraft:iron_leggings":1,"minecraft:iron_sword":1,"minecraft:stone_hoe":2,"minecraft:iron_pickaxe":9,"minecraft:iron_helmet":1,"minecraft:iron_shovel":2,"minecraft:stone_pickaxe":1,"minecraft:stone_axe":1,"minecraft:stone_shovel":1},"minecraft:picked_up":{"minecraft:iron_chestplate":3,"alexscaves:waste_drum":4,"croptopia:grape_seed":1,"minecraft:suspicious_stew":1,"minecraft:stone_slab":3,"alexscaves:unrefined_waste":2,"minecraft:enchanted_book":1,"alexscaves:azure_neodymium_ingot":1,"minecraft:string":96,"minecraft:diamond_leggings":1,"minecraft:gold_nugget":24,"minecraft:cobbled_deepslate":553,"bosses_of_mass_destruction:soul_star":3,"minecraft:spruce_planks":3,"alexscaves:cinder_block":1,"minecraft:melon_slice":273,"minecraft:jukebox":3,"minecraft:green_bed":1,"minecraft:acacia_log":8,"alexscaves:cinder_block_wall":1,"minecraft:green_terracotta":2,"minecraft:orange_bed":2,"minecraft:stone_sword":2,"croptopia:persimmon":34,"croptopia:raspberry_seed":6,"minecraft:iron_block":2,"farmersdelight:rope":9,"minecraft:bookshelf":5,"supplementaries:quiver":1,"croptopia:elderberry":1,"supplementaries:ash":26,"minecraft:snowball":2,"minecraft:magma_block":254,"minecraft:feather":1,"farmersdelight:rice":6,"minecraft:iron_door":2,"minecraft:birch_slab":7,"minecraft:water_bucket":1,"minecraft:jungle_log":10,"alexsmobs:bison_fur":2,"minecraft:flint":7,"farmersdelight:tomato":11,"minecraft:lantern":4,"alexscaves:galena":19,"croptopia:kiwi_seed":1,"minecraft:glowstone_dust":2,"minecraft:moss_block":2,"croptopia:lime":5,"alexscaves:nuclear_siren":2,"endrem:lost_eye":1,"croptopia:turmeric":1,"minecraft:stripped_spruce_log":7,"sophisticatedbackpacks:iron_backpack":1,"alexsmobs:animal_dictionary":1,"minecraft:barrel":9,"minecraft:polished_andesite":1,"minecraft:green_concrete":3,"minecraft:bread":95,"alexsmobs:maggot":2,"minecraft:dark_oak_fence":2,"croptopia:greenonion":2,"alexscaves:raw_scarlet_neodymium":64,"sophisticatedbackpacks:gold_backpack":2,"minecraft:mud":2,"minecraft:crafting_table":4,"minecraft:coarse_dirt":21,"minecraft:bee_nest":6,"minecraft:leather_leggings":3,"minecraft:golden_pickaxe":1,"croptopia:onion":1,"minecraft:red_bed":4,"minecraft:iron_shovel":1,"supplementaries:bomb":2,"minecraft:cracked_stone_bricks":1,"minecraft:beef":7,"minecraft:jungle_sapling":1,"minecraft:iron_nugget":12,"minecraft:poppy":8,"minecraft:chest":5,"minecraft:egg":3,"alexscaves:geothermal_vent":5,"sophisticatedbackpacks:backpack":4,"farmersdelight:tomato_seeds":12,"minecraft:carrot":12,"minecraft:redstone":70,"minecraft:diamond_chestplate":1,"croptopia:strawberry_seed":3,"minecraft:beetroot_seeds":12,"minecraft:peony":1,"minecraft:shears":1,"minecraft:diamond_boots":1,"minecraft:hay_block":49,"croptopia:rhubarb":1,"minecraft:gold_ingot":1,"sophisticatedbackpacks:copper_backpack":2,"minecraft:mutton":3,"minecraft:white_wool":12,"minecraft:rail":13,"minecraft:tripwire_hook":2,"alexscaves:sulfur_dust":82,"croptopia:glowing_calamari":4,"minecraft:red_mushroom":1,"spelunkers_charm:old_miners_bundle":1,"minecraft:oak_log":44,"croptopia:leek":2,"alexscaves:charred_remnant":4,"minecraft:blue_bed":1,"minecraft:paper":34,"farmersdelight:cooking_pot":4,"minecraft:stone_bricks":1,"minecraft:apple":2,"alexsmobs:cockroach_wing_fragment":2,"alexscaves:green_soylent":1,"minecraft:stone_pickaxe":1,"minecraft:cobweb":1,"croptopia:tomato":4,"minecraft:glass_bottle":45,"croptopia:elderberry_seed":1,"minecraft:iron_sword":1,"wardrobe:desert_leggings":1,"minecraft:smooth_basalt":3,"minecraft:sweet_berries":206,"minecraft:sculk":5,"minecraft:spyglass":4,"minecraft:gravel":35,"croptopia:rutabaga_seed":1,"minecraft:spruce_sapling":2,"minecraft:spruce_log":21,"croptopia:turnip":1,"minecraft:leather_helmet":2,"minecraft:purple_bed":3,"minecraft:stone_axe":2,"alexscaves:cave_map":3,"minecraft:brown_banner":1,"minecraft:hopper":1,"minecraft:ender_pearl":3,"minecraft:wheat":211,"alexscaves:radgill":1,"minecraft:sentry_armor_trim_smithing_template":2,"alexscaves:cave_tablet":5,"minecraft:potion":11,"minecraft:stone_brick_stairs":4,"minecraft:raw_copper":9,"minecraft:armor_stand":1,"minecraft:iron_leggings":2,"minecraft:sea_pickle":2,"minecraft:bucket":5,"minecraft:rose_bush":4,"minecraft:calcite":4,"minecraft:wooden_shovel":1,"minecraft:iron_pickaxe":2,"farmersdelight:cabbage_seeds":17,"minecraft:iron_boots":4,"alexsmobs:leafcutter_ant_chamber":19,"minecraft:furnace":25,"minecraft:stick":107,"croptopia:rutabaga":1,"minecraft:oak_fence":2,"alexscaves:raw_azure_neodymium":64,"minecraft:torch":92,"croptopia:blackberry_seed":3,"minecraft:spruce_stairs":4,"alexscaves:resistor_shield":1,"minecraft:pointed_dripstone":17,"minecraft:rotten_flesh":73,"minecraft:mangrove_roots":1,"minecraft:cobblestone":1338,"alexscaves:holocoder":1,"minecraft:pink_petals":5,"croptopia:water_bottle":223,"minecraft:lilac":1,"minecraft:repeater":1,"minecraft:andesite":2,"minecraft:potato":6,"minecraft:tuff":30,"supplementaries:flax_seeds":2,"croptopia:blueberry_seed":1,"minecraft:lapis_lazuli":14,"minecraft:dirt":283,"minecraft:name_tag":2,"minecraft:glass":101,"minecraft:bone":32,"croptopia:sweetpotato":1,"minecraft:bow":10,"minecraft:wheat_seeds":591,"alexscaves:toxic_paste":14,"minecraft:raw_gold":15,"minecraft:bell":2,"minecraft:mossy_stone_bricks":2,"minecraft:bamboo":96,"minecraft:oak_planks":6,"minecraft:music_disc_13":5,"croptopia:blackberry":1,"minecraft:poisonous_potato":11,"alexscaves:uranium":86,"minecraft:sand":701,"minecraft:melon":8,"minecraft:grass_block":1,"minecraft:lily_of_the_valley":1,"minecraft:mossy_cobblestone":15,"alexscaves:hologram_projector":1,"minecraft:diamond":67,"minecraft:crossbow":1,"minecraft:bone_meal":13,"minecraft:golden_apple":4,"minecraft:emerald":22,"biomesoplenty:pink_daffodil":1,"minecraft:oak_sapling":5,"minecraft:andesite_slab":7,"minecraft:cocoa_beans":37,"minecraft:charcoal":2,"artifacts:night_vision_goggles":1,"alexscaves:metal_barrel":2,"minecraft:chest_minecart":1,"croptopia:sweetpotato_seed":1,"minecraft:wooden_pickaxe":1,"minecraft:stone_brick_wall":2,"minecraft:gold_block":2,"minecraft:diamond_horse_armor":1,"minecraft:chain":1,"minecraft:shield":2,"minecraft:stone_stairs":1,"alexscaves:nuclear_furnace_component":6,"minecraft:iron_axe":3,"alexscaves:scarlet_neodymium_ingot":1,"croptopia:bellpepper_seed":4,"takesapillage:ravager_horn":1,"minecraft:blackstone":98,"croptopia:pear":18,"minecraft:mossy_cobblestone_wall":1,"croptopia:tomato_seed":4,"minecraft:lectern":61,"minecraft:sugar_cane":18,"minecraft:phantom_membrane":6,"minecraft:dark_oak_sapling":2,"minecraft:raw_iron":173,"croptopia:greenbean_seed":1,"minecraft:bowl":1,"croptopia:rhubarb_seed":1,"alexsmobs:leafcutter_ant_pupa":4,"croptopia:strawberry":1,"minecraft:iron_horse_armor":1,"croptopia:grape":1,"minecraft:arrow":41,"minecraft:saddle":1,"croptopia:salt":126,"minecraft:skeleton_skull":1,"minecraft:air":9,"minecraft:glow_ink_sac":10,"minecraft:leather":8,"croptopia:greenonion_seed":2,"minecraft:birch_planks":23,"alexscaves:heavyweight":1,"minecraft:gunpowder":9,"minecraft:cobblestone_stairs":1,"minecraft:iron_ingot":110,"alexscaves:radrock":334,"croptopia:raspberry":3,"minecraft:mossy_stone_brick_wall":2,"croptopia:turnip_seed":2,"croptopia:kiwi":1,"minecraft:oxidized_cut_copper":1,"minecraft:acacia_sapling":6,"minecraft:green_dye":1,"minecraft:book":3,"minecraft:oak_slab":1,"minecraft:pumpkin":8,"minecraft:chiseled_stone_bricks":1,"minecraft:stone_brick_slab":2,"alexscaves:fissile_core":1,"minecraft:dripstone_block":28,"minecraft:amethyst_shard":37,"croptopia:turmeric_seed":2,"minecraft:spruce_door":1,"minecraft:spider_eye":4,"croptopia:lemon":2,"minecraft:sculk_sensor":4,"minecraft:iron_helmet":3,"croptopia:greenbean":1,"wardrobe:silk":39,"minecraft:damaged_anvil":3,"spelunkers_charm:rock":5,"minecraft:coal":144,"minecraft:sunflower":1},"minecraft:crafted":{"minecraft:smooth_stone":6,"minecraft:chain":3,"minecraft:birch_slab":30,"minecraft:diamond_shovel":1,"sophisticatedbackpacks:crafting_upgrade":1,"minecraft:bookshelf":1,"minecraft:cooked_mutton":3,"sophisticatedbackpacks:smelting_upgrade":2,"minecraft:glass":216,"minecraft:diamond_helmet":1,"minecraft:diamond_leggings":1,"minecraft:melon_seeds":12,"croptopia:salt":80,"minecraft:diamond_axe":1,"alexscaves:quarry_smasher":1,"minecraft:green_bed":1,"sophisticatedbackpacks:advanced_feeding_upgrade":1,"minecraft:spruce_door":3,"minecraft:copper_ingot":8,"minecraft:campfire":1,"minecraft:iron_pickaxe":8,"minecraft:gold_ingot":16,"alexscaves:galena_gauntlet":1,"minecraft:golden_carrot":1,"minecraft:stone_shovel":1,"minecraft:smooth_stone_slab":6,"croptopia:cooking_pot":1,"minecraft:iron_nugget":9,"alexscaves:holocoder":2,"minecraft:bone_meal":9,"minecraft:pink_dye":1,"minecraft:stone_pickaxe":2,"minecraft:diamond_boots":1,"alexscaves:scarlet_neodymium_ingot":1,"minecraft:wheat":189,"croptopia:water_bottle":368,"croptopia:milk_bottle":32,"sophisticatedbackpacks:gold_backpack":1,"minecraft:orange_dye":2,"minecraft:oak_stairs":4,"minecraft:iron_shovel":3,"minecraft:iron_leggings":2,"minecraft:armor_stand":1,"alexscaves:hologram_projector":1,"minecraft:white_bed":1,"minecraft:oak_planks":132,"minecraft:barrel":3,"minecraft:stone":6,"minecraft:bow":5,"minecraft:iron_boots":2,"minecraft:chest":12,"minecraft:stone_hoe":4,"minecraft:oak_slab":12,"sophisticatedbackpacks:backpack":2,"minecraft:crafting_table":7,"minecraft:spruce_planks":76,"minecraft:wooden_pickaxe":1,"minecraft:iron_helmet":1,"sophisticatedbackpacks:feeding_upgrade":1,"sophisticatedbackpacks:upgrade_base":4,"minecraft:iron_chestplate":4,"minecraft:diamond_pickaxe":1,"minecraft:charcoal":6,"minecraft:yellow_dye":2,"minecraft:shield":2,"sophisticatedbackpacks:diamond_backpack":3,"minecraft:stick":112,"minecraft:iron_ingot":60,"minecraft:stone_sword":1,"alexscaves:metal_barrel":1,"alexscaves:packed_galena":5,"minecraft:shears":1,"farmersdelight:cooked_rice":4,"minecraft:blast_furnace":1,"minecraft:furnace":10,"alexscaves:cave_map":1,"alexscaves:azure_neodymium_ingot":1,"minecraft:glistering_melon_slice":1,"sophisticatedbackpacks:iron_backpack":1,"minecraft:cooked_beef":7,"minecraft:red_dye":1,"minecraft:diamond_sword":1,"minecraft:iron_sword":3,"minecraft:bowl":8,"minecraft:stone_axe":1,"minecraft:bread":97,"alexscaves:nuclear_furnace_component":2,"minecraft:air":0,"minecraft:jungle_planks":32,"minecraft:gold_nugget":18,"minecraft:white_dye":1,"croptopia:cheese":111,"croptopia:grilled_cheese":75,"alexscaves:magnetic_light":4,"sophisticatedbackpacks:smoking_upgrade":1,"minecraft:acacia_planks":32,"minecraft:torch":96,"minecraft:diamond_chestplate":1}},"DataVersion":3465}