{"stats":{"minecraft:killed_by":{"alexsmobs:murmur_head":1,"alexsmobs:rhinoceros":1,"minecraft:player":1,"alexsmobs:centipede_head":1,"minecraft:skeleton":1},"minecraft:killed":{"minecraft:cave_spider":9,"minecraft:spider":15,"alexsmobs:murmur":1,"minecraft:skeleton":15,"alexscaves:radgill":2,"minecraft:fox":4,"alexsmobs:leafcutter_ant":5,"minecraft:chicken":2,"minecraft:silverfish":29,"alexsmobs:centipede_head":1,"alexsmobs:kangaroo":1,"minecraft:pig":5,"alexscaves:gammaroach":4,"minecraft:zombie_villager":1,"alexsmobs:mantis_shrimp":3,"minecraft:creeper":3,"minecraft:sheep":8,"minecraft:trader_llama":3,"minecraft:pillager":8,"minecraft:zombie":68,"takesapillage:archer":3,"minecraft:cow":2,"minecraft:vindicator":1,"minecraft:drowned":1,"alexsmobs:skunk":1,"takesapillage:skirmisher":3,"minecraft:wandering_trader":2,"alexsmobs:rhinoceros":1,"alexsmobs:emu":1,"alexsmobs:gazelle":3,"minecraft:enderman":1},"minecraft:dropped":{"sophisticatedbackpacks:iron_backpack":5,"minecraft:iron_sword":1,"minecraft:moss_block":1,"minecraft:porkchop":8,"minecraft:lapis_lazuli":5,"minecraft:glow_ink_sac":24,"minecraft:diamond":5,"minecraft:glass_bottle":45,"croptopia:hops_seed":1,"minecraft:glow_berries":2,"minecraft:leather":1,"croptopia:grilled_cheese":1,"croptopia:salt":5,"minecraft:birch_slab":1,"minecraft:flint":1,"sophisticatedbackpacks:gold_backpack":4,"minecraft:dirt":11,"minecraft:snowball":45,"artifacts:charm_of_sinking":1,"alexscaves:cave_map":8,"minecraft:amethyst_shard":5,"minecraft:iron_pickaxe":1,"croptopia:calamari":2,"croptopia:cantaloupe_seed":2,"croptopia:soybean":1,"minecraft:bone":8,"minecraft:gravel":27,"minecraft:stone_axe":1,"minecraft:blackstone":3,"minecraft:iron_nugget":2,"alexsmobs:gazelle_horn":4,"minecraft:cobbled_deepslate":180,"alexscaves:cave_tablet":4,"minecraft:wheat":33,"minecraft:pointed_dripstone":1,"minecraft:rotten_flesh":23,"minecraft:oak_planks":97,"minecraft:golden_shovel":3,"biomesoplenty:glowing_moss_block":1,"minecraft:carrot":1,"supplementaries:antique_ink":1,"minecraft:skeleton_skull":1,"croptopia:cantaloupe":1,"minecraft:jungle_log":1,"spelunkers_charm:rock":1,"wardrobe:fox_hide":1,"minecraft:arrow":3,"alexsmobs:tarantula_hawk_elytra":1,"minecraft:beef":4,"minecraft:water_bucket":1,"minecraft:enchanted_book":3,"minecraft:iron_ingot":2,"minecraft:bread":61,"minecraft:wheat_seeds":23,"minecraft:lilac":1,"minecraft:iron_helmet":2,"minecraft:oak_fence":3,"minecraft:cobblestone":129,"minecraft:book":248,"endrem:lost_eye":1,"spelunkers_charm:old_miners_bundle":2,"croptopia:olive":1,"minecraft:stick":3,"minecraft:oxeye_daisy":2,"minecraft:cobweb":6,"minecraft:milk_bucket":1,"minecraft:melon_slice":28,"alexscaves:holocoder":1,"minecraft:potion":18,"minecraft:iron_leggings":1,"minecraft:iron_axe":1,"minecraft:mud":9,"biomesoplenty:glowshroom":2,"minecraft:smooth_stone":1,"minecraft:paper":22,"minecraft:bucket":1,"croptopia:kiwi":1,"minecraft:dandelion":1,"alexscaves:uranium":4,"minecraft:tuff":3,"croptopia:leek_seed":3,"minecraft:chicken":2,"croptopia:raspberry_seed":7,"minecraft:iron_boots":1,"alexscaves:cave_codex":1,"alexsmobs:ancient_dart":1,"sophisticatedbackpacks:backpack":6,"minecraft:name_tag":1,"alexscaves:metal_scaffolding":64,"minecraft:shears":1,"minecraft:pumpkin_seeds":103,"supplementaries:bamboo_spikes_tipped":2,"alexscaves:radgill":1,"minecraft:hay_block":26,"minecraft:shield":1,"minecraft:allium":1,"croptopia:kiwi_seed":1,"minecraft:spruce_planks":4,"minecraft:iron_chestplate":1,"minecraft:oak_sapling":2,"croptopia:tea_leaves":1,"minecraft:brown_carpet":2,"sophisticatedbackpacks:copper_backpack":1,"minecraft:stone_pickaxe":6,"minecraft:raw_gold":2,"alexscaves:charred_remnant":1,"minecraft:bell":1,"minecraft:magma_block":11},"minecraft:used":{"minecraft:moss_block":1,"croptopia:leek":2,"minecraft:melon":1,"minecraft:dispenser":1,"minecraft:chest":1,"minecraft:iron_sword":20,"minecraft:quartz_stairs":2,"minecraft:rotten_flesh":36,"croptopia:zucchini":1,"minecraft:mutton":2,"minecraft:carrot":68,"minecraft:tuff":1,"minecraft:snowball":15,"minecraft:obsidian":3,"minecraft:lava_bucket":1,"minecraft:grass_block":6,"farmersdelight:cutting_board":1,"minecraft:dark_oak_boat":4,"minecraft:mangrove_roots":1,"minecraft:furnace":8,"minecraft:gray_bed":4,"supplementaries:bamboo_spikes_tipped":1,"minecraft:egg":1,"minecraft:dark_oak_stairs":3,"minecraft:stone_pickaxe":1189,"minecraft:oak_planks":1,"minecraft:wooden_pickaxe":52,"minecraft:blue_bed":1,"minecraft:white_wool":2,"minecraft:golden_apple":2,"alexscaves:cave_book":7,"minecraft:birch_slab":29,"minecraft:bread":268,"minecraft:lectern":41,"minecraft:gravel":10,"alexscaves:tesla_bulb":1,"croptopia:blackberry":1,"minecraft:dark_oak_fence":12,"croptopia:cantaloupe":1,"minecraft:bone_meal":45,"minecraft:experience_bottle":3,"minecraft:torch":197,"minecraft:dirt":106,"minecraft:spruce_stairs":3,"minecraft:spruce_fence":1,"alexscaves:waste_drum":2,"alexscaves:resistor_shield":19,"farmersdelight:rope":42,"minecraft:iron_hoe":284,"minecraft:iron_axe":574,"alexscaves:spelunkery_table":4,"minecraft:goat_horn":1,"alexscaves:radrock_bricks":70,"croptopia:squash":1,"alexscaves:nuclear_furnace_component":3,"farmersdelight:cooking_pot":1,"minecraft:cobbled_deepslate":115,"minecraft:wheat_seeds":6,"minecraft:cooked_mutton":3,"minecraft:water_bucket":95,"minecraft:cobblestone_stairs":1,"croptopia:lemon":1,"farmersdelight:golden_knife":12,"croptopia:grilled_cheese":8,"minecraft:green_bed":3,"minecraft:horse_spawn_egg":2,"supplementaries:bomb":2,"minecraft:crafting_table":24,"minecraft:white_bed":5,"minecraft:spruce_log":1,"minecraft:oak_log":2,"alexscaves:slam":1,"biomesoplenty:pink_daffodil":1,"minecraft:iron_pickaxe":969,"alexscaves:spelunkie":3,"supplementaries:rope":12,"minecraft:stone_axe":293,"minecraft:cobblestone":72,"croptopia:kiwi":4,"minecraft:purple_bed":3,"minecraft:porkchop":2,"minecraft:bucket":105,"alexsmobs:animal_dictionary":19,"alexscaves:radrock":198},"minecraft:custom":{"minecraft:animals_bred":1,"minecraft:interact_with_crafting_table":122,"minecraft:open_barrel":56,"minecraft:leave_game":40,"minecraft:time_since_death":198741,"minecraft:sprint_one_cm":3878997,"minecraft:damage_blocked_by_shield":575,"minecraft:drop":702,"minecraft:talked_to_villager":65,"minecraft:play_time":1369430,"minecraft:deaths":7,"minecraft:jump":17814,"minecraft:walk_on_water_one_cm":187885,"minecraft:interact_with_furnace":204,"minecraft:interact_with_loom":28,"minecraft:sleep_in_bed":23,"minecraft:damage_dealt":31631,"minecraft:crouch_one_cm":89831,"minecraft:inspect_dispenser":4,"minecraft:interact_with_smithing_table":1,"minecraft:horse_one_cm":1923837,"minecraft:mob_kills":214,"minecraft:climb_one_cm":24242,"minecraft:walk_one_cm":1900302,"minecraft:sneak_time":35662,"minecraft:walk_under_water_one_cm":102239,"minecraft:interact_with_blast_furnace":2,"minecraft:boat_one_cm":322539,"minecraft:total_world_time":1369430,"minecraft:interact_with_grindstone":2,"minecraft:time_since_rest":144,"minecraft:damage_taken":12917,"minecraft:damage_absorbed":80,"minecraft:swim_one_cm":243240,"minecraft:fly_one_cm":3419061,"minecraft:open_chest":187,"minecraft:fall_one_cm":488925},"minecraft:mined":{"minecraft:dark_oak_planks":1,"minecraft:white_bed":2,"supplementaries:raked_gravel":1,"alexscaves:geothermal_vent_medium":1,"minecraft:sculk_vein":8,"minecraft:cobblestone_stairs":2,"minecraft:jungle_leaves":1,"alexscaves:geothermal_vent":1,"minecraft:grass_block":31,"alexscaves:sulfur":13,"minecraft:spawner":3,"minecraft:orange_concrete":2,"minecraft:smooth_stone":1,"minecraft:raw_iron_block":10,"minecraft:magma_block":101,"minecraft:iron_ore":22,"minecraft:sculk_catalyst":1,"minecraft:fire":30,"minecraft:cobbled_deepslate":13,"minecraft:dark_oak_stairs":6,"minecraft:sculk_shrieker":2,"biomesoplenty:webbing":3,"alexscaves:underweed":1,"minecraft:azalea_leaves":2,"minecraft:green_bed":3,"minecraft:deepslate_redstone_ore":5,"minecraft:blackstone":82,"minecraft:orange_terracotta":1,"minecraft:powder_snow":2,"minecraft:clay":13,"minecraft:torch":62,"minecraft:blast_furnace":2,"croptopia:garlic_crop":1,"minecraft:chest":1,"minecraft:cobblestone":50,"spelunkers_charm:deepslate_geyser":1,"minecraft:oak_planks":17,"minecraft:wall_torch":31,"minecraft:pink_petals":1,"minecraft:mud":4,"minecraft:wheat":110,"minecraft:lilac":1,"minecraft:tnt":4,"minecraft:grass":98,"minecraft:oak_log":49,"minecraft:loom":1,"minecraft:sand":2,"minecraft:dirt":84,"minecraft:smooth_basalt":1,"minecraft:dispenser":1,"minecraft:deepslate":532,"minecraft:oak_leaves":45,"alexscaves:spelunkery_table":3,"minecraft:tuff":55,"minecraft:quartz_stairs":2,"minecraft:dark_oak_leaves":7,"minecraft:deepslate_diamond_ore":23,"alexscaves:radrock":324,"biomesoplenty:desert_grass":1,"minecraft:dark_oak_log":24,"minecraft:mangrove_roots":7,"minecraft:allium":1,"minecraft:glow_lichen":1,"minecraft:dark_oak_fence":14,"minecraft:ladder":2,"minecraft:spruce_fence":1,"alexscaves:sulfur_cluster":4,"minecraft:birch_slab":1,"minecraft:spruce_leaves":23,"minecraft:cartography_table":1,"minecraft:moss_block":5,"minecraft:large_fern":2,"minecraft:hay_block":110,"alexscaves:radrock_uranium_ore":6,"minecraft:spore_blossom":1,"supplementaries:rope":5,"minecraft:furnace":1,"minecraft:carrots":8,"supplementaries:bamboo_spikes":1,"minecraft:pink_concrete":1,"minecraft:dark_oak_fence_gate":1,"minecraft:peony":1,"farmersdelight:rope":1,"minecraft:deepslate_iron_ore":70,"biomesoplenty:high_grass":8,"minecraft:vine":1,"minecraft:stripped_oak_log":1,"minecraft:stone":655,"biomesoplenty:spider_egg":1,"spelunkers_charm:rock_pile_1":1,"minecraft:white_wool":3,"minecraft:podzol":1,"minecraft:oak_slab":1,"minecraft:glass_pane":1,"minecraft:infested_stone_bricks":14,"minecraft:stripped_dark_oak_log":2,"minecraft:brown_carpet":2,"minecraft:dandelion":1,"minecraft:oak_fence":2,"minecraft:crafting_table":4,"alexscaves:radrock_bricks":3,"spelunkers_charm:dead_grass":2,"minecraft:rose_bush":1,"minecraft:lectern":41,"minecraft:sculk_sensor":2,"minecraft:copper_ore":3,"biomesoplenty:high_grass_plant":17,"minecraft:tall_grass":11,"biomesoplenty:sprout":18,"minecraft:deepslate_gold_ore":27,"minecraft:sculk":90,"minecraft:blue_bed":1,"supplementaries:urn":33,"minecraft:spruce_stairs":3,"minecraft:purple_bed":2,"minecraft:birch_planks":15,"minecraft:coarse_dirt":9,"minecraft:gray_bed":4,"minecraft:sweet_berry_bush":3,"biomesoplenty:pink_daffodil":1,"minecraft:spruce_log":18,"alexscaves:waste_drum":2,"minecraft:mangrove_leaves":4,"minecraft:coal_ore":30,"alexscaves:geothermal_vent_thin":2,"minecraft:gravel":60,"alexscaves:nuclear_furnace_component":2,"minecraft:fern":4},"minecraft:broken":{"minecraft:stone_pickaxe":6,"minecraft:golden_chestplate":1,"minecraft:iron_axe":2,"minecraft:iron_pickaxe":3},"minecraft:picked_up":{"minecraft:iron_chestplate":5,"croptopia:zucchini":2,"alexscaves:waste_drum":2,"minecraft:wheat":109,"alexscaves:radgill":3,"croptopia:grape_seed":3,"minecraft:lead":2,"alexscaves:cave_tablet":19,"minecraft:enchanted_book":3,"minecraft:potion":18,"minecraft:golden_shovel":3,"croptopia:calamari":4,"alexsmobs:gazelle_horn":4,"minecraft:string":26,"croptopia:cantaloupe":2,"minecraft:raw_copper":11,"alexsmobs:ancient_dart":5,"minecraft:iron_leggings":7,"minecraft:activator_rail":1,"minecraft:bucket":7,"minecraft:smooth_stone":2,"minecraft:gold_nugget":95,"minecraft:cobbled_deepslate":669,"bosses_of_mass_destruction:soul_star":1,"minecraft:rose_bush":1,"minecraft:azalea":1,"minecraft:iron_pickaxe":7,"alexsmobs:raccoon_tail":1,"minecraft:melon_slice":103,"farmersdelight:cabbage_seeds":3,"minecraft:iron_boots":4,"minecraft:furnace":2,"minecraft:stick":43,"croptopia:barley_seed":1,"minecraft:oak_fence":10,"minecraft:torch":178,"supplementaries:bamboo_spikes_tipped":3,"croptopia:rutabaga":1,"minecraft:green_bed":3,"minecraft:spruce_stairs":3,"alexscaves:resistor_shield":1,"minecraft:porkchop":39,"croptopia:olive_seed":4,"croptopia:ginger_seed":21,"minecraft:pointed_dripstone":2,"alexsmobs:centipede_leg":8,"minecraft:brown_carpet":4,"minecraft:rotten_flesh":65,"croptopia:squash_seed":4,"croptopia:raspberry_seed":7,"supplementaries:antique_ink":1,"farmersdelight:rope":12,"minecraft:mangrove_roots":11,"supplementaries:quiver":1,"supplementaries:ash":58,"minecraft:snowball":60,"minecraft:cobblestone":762,"alexscaves:holocoder":1,"minecraft:magma_block":110,"minecraft:muddy_mangrove_roots":3,"minecraft:feather":11,"minecraft:lilac":2,"minecraft:water_bucket":5,"minecraft:birch_slab":20,"minecraft:jungle_log":2,"minecraft:dark_oak_boat":4,"biomesoplenty:glowshroom":2,"wardrobe:fox_hide":5,"minecraft:potato":23,"alexscaves:cave_book":2,"minecraft:flint":1,"minecraft:tuff":67,"supplementaries:flax_seeds":11,"alexscaves:hazmat_leggings":1,"minecraft:dirt":199,"minecraft:lantern":6,"minecraft:name_tag":1,"croptopia:kiwi_seed":39,"minecraft:bone":50,"croptopia:corn":1,"croptopia:sweetpotato":1,"alexscaves:toxic_paste":9,"minecraft:bow":4,"minecraft:wheat_seeds":181,"croptopia:milk_bottle":217,"minecraft:raw_gold":38,"minecraft:bell":1,"minecraft:diamond_helmet":3,"minecraft:moss_block":2,"minecraft:oak_planks":30,"minecraft:pink_concrete":1,"endrem:lost_eye":1,"croptopia:ginger":13,"croptopia:blackberry":1,"alexscaves:uranium":10,"minecraft:sand":9,"minecraft:melon":1,"minecraft:loom":1,"sophisticatedbackpacks:iron_backpack":6,"minecraft:ink_sac":7,"minecraft:grass_block":2,"minecraft:dark_oak_log":24,"alexsmobs:animal_dictionary":5,"minecraft:iron_hoe":2,"alexsmobs:kangaroo_hide":2,"minecraft:dispenser":1,"croptopia:hops_seed":13,"minecraft:diamond":30,"croptopia:leek_seed":12,"minecraft:crossbow":1,"minecraft:bone_meal":4,"minecraft:spruce_sign":1,"minecraft:horse_spawn_egg":1,"minecraft:bread":250,"minecraft:emerald":3,"biomesoplenty:pink_daffodil":1,"minecraft:oak_sapling":8,"minecraft:dark_oak_fence":14,"croptopia:zucchini_seed":10,"minecraft:mud":26,"sophisticatedbackpacks:gold_backpack":6,"minecraft:coarse_dirt":22,"minecraft:crafting_table":5,"minecraft:allium":3,"minecraft:chicken":10,"minecraft:ladder":2,"minecraft:leather_leggings":1,"minecraft:wooden_pickaxe":4,"spelunkers_charm:deepslate_rock":2,"alexscaves:galena_gauntlet":1,"minecraft:shield":2,"alexscaves:cave_codex":4,"minecraft:moss_carpet":2,"minecraft:iron_axe":7,"alexscaves:nuclear_furnace_component":3,"minecraft:orange_concrete":2,"artifacts:power_glove":1,"croptopia:grilled_cheese":10,"minecraft:compass":1,"croptopia:soybean":2,"minecraft:blackstone":81,"croptopia:cheese":80,"minecraft:cartography_table":1,"minecraft:beef":16,"alexsmobs:elastic_tendon":1,"croptopia:pepper_seed":1,"minecraft:jungle_sapling":1,"minecraft:iron_nugget":2,"minecraft:lectern":42,"minecraft:quartz_stairs":2,"biomesoplenty:wildflower":1,"supplementaries:rope":5,"minecraft:chest":1,"minecraft:egg":2,"alexscaves:radrock_bricks":3,"minecraft:raw_iron":143,"croptopia:corn_seed":2,"artifacts:charm_of_sinking":1,"croptopia:soybean_seed":2,"minecraft:copper_ingot":1,"sophisticatedbackpacks:backpack":8,"minecraft:spruce_fence":2,"farmersdelight:tomato_seeds":4,"minecraft:carrot":39,"minecraft:redstone":28,"croptopia:strawberry":1,"minecraft:dark_oak_planks":1,"minecraft:tnt":4,"minecraft:arrow":37,"croptopia:cantaloupe_seed":4,"minecraft:diamond_chestplate":3,"croptopia:strawberry_seed":1,"minecraft:shears":1,"minecraft:diamond_boots":3,"minecraft:hay_block":301,"alexscaves:spelunkery_table":4,"sophisticatedbackpacks:copper_backpack":3,"minecraft:saddle":7,"artifacts:pocket_piston":1,"croptopia:pepper":1,"croptopia:salt":124,"minecraft:glow_berries":2,"minecraft:mutton":22,"alexsmobs:kangaroo_meat":1,"minecraft:skeleton_skull":2,"minecraft:white_wool":18,"minecraft:rail":18,"minecraft:oxeye_daisy":2,"minecraft:stripped_oak_log":1,"minecraft:air":0,"alexscaves:sulfur_dust":50,"minecraft:glow_ink_sac":59,"minecraft:leather":22,"croptopia:glowing_calamari":19,"minecraft:birch_planks":17,"spelunkers_charm:old_miners_bundle":4,"artifacts:onion_ring":1,"croptopia:tea_leaves":2,"minecraft:oak_log":52,"croptopia:leek":2,"minecraft:golden_boots":1,"minecraft:gunpowder":13,"minecraft:cobblestone_stairs":2,"farmersdelight:skillet":1,"minecraft:paper":56,"minecraft:orange_terracotta":1,"croptopia:olive":4,"croptopia:barley":1,"minecraft:apple":9,"croptopia:squash":1,"alexscaves:radrock":409,"minecraft:iron_ingot":77,"minecraft:stone_pickaxe":10,"minecraft:cobweb":6,"minecraft:gray_bed":4,"minecraft:glass_bottle":45,"minecraft:iron_sword":4,"croptopia:kiwi":10,"minecraft:dark_oak_stairs":7,"sophisticatedbackpacks:diamond_backpack":1,"minecraft:book":1,"minecraft:oak_slab":1,"minecraft:smooth_basalt":3,"minecraft:milk_bucket":1,"minecraft:sweet_berries":1,"minecraft:red_wool":1,"minecraft:dandelion":1,"minecraft:blast_furnace":2,"minecraft:spyglass":2,"minecraft:raw_iron_block":20,"minecraft:gravel":55,"croptopia:hops":12,"minecraft:amethyst_shard":5,"croptopia:rutabaga_seed":8,"minecraft:spruce_sapling":1,"minecraft:white_bed":4,"croptopia:tea_seed":1,"minecraft:spruce_log":18,"biomesoplenty:glowing_moss_block":1,"minecraft:spider_eye":6,"minecraft:pumpkin_seeds":98,"croptopia:lemon":1,"minecraft:purple_bed":4,"minecraft:slime_ball":9,"minecraft:stone_axe":5,"minecraft:iron_helmet":6,"wardrobe:silk":43,"alexscaves:cave_map":11,"spelunkers_charm:rock":2,"minecraft:coal":74,"minecraft:mangrove_propagule":1,"minecraft:sunflower":1},"minecraft:crafted":{"minecraft:oak_planks":204,"minecraft:dark_oak_boat":1,"minecraft:birch_slab":30,"minecraft:cooked_mutton":6,"minecraft:glass":11,"minecraft:diamond_helmet":1,"minecraft:diamond_leggings":1,"minecraft:iron_boots":1,"sophisticatedbackpacks:copper_backpack":1,"croptopia:salt":84,"alexscaves:cave_book":1,"sophisticatedbackpacks:backpack":1,"minecraft:crafting_table":19,"minecraft:spruce_planks":76,"minecraft:wooden_pickaxe":3,"minecraft:iron_helmet":1,"minecraft:copper_ingot":11,"alexscaves:cinder_block":36,"minecraft:hay_block":33,"farmersdelight:cutting_board":1,"minecraft:iron_chestplate":1,"sophisticatedbackpacks:diamond_backpack":1,"minecraft:stick":80,"minecraft:iron_ingot":48,"minecraft:iron_pickaxe":5,"minecraft:gold_ingot":20,"minecraft:raw_iron":90,"croptopia:cooking_pot":1,"minecraft:iron_nugget":9,"minecraft:furnace":6,"minecraft:bone_meal":24,"alexscaves:cave_map":2,"minecraft:iron_axe":2,"minecraft:stone_pickaxe":16,"minecraft:diamond_boots":1,"minecraft:dark_oak_planks":96,"alexscaves:radrock_bricks":36,"minecraft:lead":2,"croptopia:frying_pan":1,"minecraft:wheat":982,"sophisticatedbackpacks:iron_backpack":2,"wardrobe:fox_hat_helmet":1,"sophisticatedbackpacks:gold_backpack":3,"minecraft:bucket":5,"minecraft:stone_axe":5,"minecraft:jungle_planks":4,"minecraft:bread":187,"minecraft:air":0,"minecraft:white_dye":3,"croptopia:cheese":221,"croptopia:grilled_cheese":134,"minecraft:iron_leggings":2,"minecraft:white_bed":2,"minecraft:torch":16,"minecraft:diamond_chestplate":1}},"DataVersion":3465}