{"stats":{"minecraft:used":{"alexsmobs:animal_dictionary":1,"minecraft:firework_rocket":69},"minecraft:custom":{"minecraft:jump":449,"minecraft:time_since_rest":25601,"minecraft:damage_dealt":10,"minecraft:damage_taken":193,"minecraft:leave_game":6,"minecraft:time_since_death":25570,"minecraft:crouch_one_cm":329,"minecraft:play_time":46880,"minecraft:interact_with_loom":1,"minecraft:sprint_one_cm":88146,"minecraft:walk_one_cm":21278,"minecraft:walk_on_water_one_cm":13126,"minecraft:deaths":1,"minecraft:sneak_time":497,"minecraft:total_world_time":46880,"minecraft:walk_under_water_one_cm":26315,"minecraft:swim_one_cm":19323,"minecraft:fall_one_cm":1426,"minecraft:fly_one_cm":331085,"minecraft:aviate_one_cm":1711108},"minecraft:picked_up":{"minecraft:lantern":1}},"DataVersion":3465}