{"stats":{"minecraft:killed_by":{"minecraft:zombie":1,"alexsmobs:centipede_head":2,"alexsmobs:murmur_head":1,"minecraft:enderman":1,"minecraft:skeleton":2},"minecraft:killed":{"minecraft:cave_spider":24,"alexsmobs:murmur":2,"minecraft:skeleton":39,"alexscaves:radgill":4,"alexsmobs:leafcutter_ant":1,"alexsmobs:centipede_head":2,"alexscaves:gammaroach":2,"minecraft:pillager":8,"minecraft:zombie":86,"takesapillage:archer":14,"minecraft:cow":12,"minecraft:evoker":1,"alexscaves:brainiac":2,"minecraft:vindicator":6,"minecraft:ravager":2,"alexsmobs:catfish":2,"minecraft:enderman":1,"minecraft:witch":3,"minecraft:spider":15,"minecraft:bee":2,"minecraft:silverfish":6,"minecraft:pig":17,"minecraft:zombie_villager":3,"minecraft:creeper":2,"minecraft:sheep":1,"minecraft:trader_llama":1,"takesapillage:legioner":12,"alexscaves:nucleeper":1,"minecraft:phantom":2,"minecraft:drowned":1,"takesapillage:skirmisher":5,"minecraft:bat":1,"alexsmobs:gazelle":8,"alexsmobs:caiman":1},"minecraft:dropped":{"alexscaves:sulfur_dust":5,"minecraft:iron_sword":4,"croptopia:rutabaga":4,"minecraft:lapis_lazuli":3,"minecraft:glow_ink_sac":5,"minecraft:glass_bottle":45,"minecraft:diamond":10,"croptopia:hops_seed":5,"croptopia:cheese":71,"minecraft:crossbow":3,"minecraft:orange_tulip":2,"minecraft:fletching_table":1,"minecraft:saddle":1,"minecraft:brown_banner":1,"minecraft:sentry_armor_trim_smithing_template":1,"sophisticatedbackpacks:gold_backpack":5,"minecraft:dirt":74,"minecraft:yellow_dye":1,"artifacts:charm_of_sinking":1,"minecraft:phantom_membrane":2,"minecraft:sunflower":18,"minecraft:bone_meal":162,"croptopia:rutabaga_seed":8,"minecraft:iron_pickaxe":2,"croptopia:soybean":2,"minecraft:bone":35,"biomesoplenty:toadstool":2,"alexsmobs:centipede_leg":4,"croptopia:olive_seed":11,"minecraft:stone_axe":4,"minecraft:compass":2,"minecraft:lever":1,"minecraft:iron_nugget":16,"alexsmobs:gazelle_horn":8,"alexscaves:waste_drum":1,"alexsmobs:animal_dictionary":1,"minecraft:cobbled_deepslate":62,"alexscaves:cave_tablet":16,"minecraft:wheat":32,"croptopia:leek":5,"minecraft:rotten_flesh":10,"croptopia:chile_pepper":1,"minecraft:oak_planks":20,"minecraft:golden_shovel":2,"supplementaries:flax_seeds":67,"croptopia:zucchini":3,"minecraft:tipped_arrow":1,"alexscaves:cave_book":1,"croptopia:cantaloupe":1,"biomesoplenty:wildflower":36,"minecraft:jungle_log":3,"minecraft:glass":107,"minecraft:stone_brick_stairs":1,"croptopia:greenonion":1,"minecraft:acacia_fence":1,"croptopia:squash":3,"croptopia:mustard":1,"minecraft:lectern":4,"croptopia:garlic":1,"minecraft:iron_ingot":7,"farmersdelight:tomato_seeds":11,"minecraft:enchanted_book":1,"croptopia:garlic_seed":2,"alexscaves:raw_azure_neodymium":64,"minecraft:wheat_seeds":174,"minecraft:oak_fence":3,"minecraft:cobblestone":328,"croptopia:milk_bottle":217,"croptopia:olive":3,"minecraft:coal":21,"minecraft:golden_apple":1,"croptopia:ginger_seed":4,"minecraft:oxeye_daisy":4,"minecraft:cobweb":2,"minecraft:diamond_horse_armor":1,"croptopia:grape_seed":8,"minecraft:rose_bush":8,"minecraft:potion":20,"alexscaves:toxic_paste":3,"croptopia:turmeric_seed":3,"minecraft:paper":69,"croptopia:hops":1,"minecraft:iron_shovel":1,"minecraft:string":15,"croptopia:kiwi":1,"minecraft:acacia_planks":2,"minecraft:pink_tulip":1,"croptopia:yam":4,"croptopia:yam_seed":7,"minecraft:furnace":1,"alexscaves:uranium":8,"minecraft:cocoa_beans":1,"minecraft:bowl":1,"croptopia:cucumber_seed":1,"croptopia:blackberry_seed":9,"croptopia:leek_seed":5,"minecraft:chicken":2,"croptopia:raspberry_seed":9,"minecraft:damaged_anvil":1,"minecraft:name_tag":2,"minecraft:pumpkin_seeds":11,"minecraft:lily_of_the_valley":3,"minecraft:potato":12,"supplementaries:quiver":1,"minecraft:hay_block":110,"minecraft:allium":1,"minecraft:peony":2,"minecraft:spruce_trapdoor":3,"minecraft:spruce_planks":4,"minecraft:yellow_bed":1,"minecraft:barrel":10,"minecraft:magenta_dye":4,"sophisticatedbackpacks:copper_backpack":2,"minecraft:bow":5,"minecraft:horse_spawn_egg":1,"minecraft:red_tulip":3,"minecraft:magma_block":2,"minecraft:moss_block":2,"croptopia:turmeric":5,"minecraft:orange_dye":1,"minecraft:oak_log":3,"minecraft:golden_pickaxe":1,"minecraft:leather":4,"minecraft:chest_minecart":1,"minecraft:iron_horse_armor":1,"croptopia:chile_pepper_seed":4,"alexscaves:heavyweight":1,"croptopia:salt":150,"farmersdelight:rice":6,"minecraft:music_disc_13":1,"artifacts:night_vision_goggles":1,"croptopia:squash_seed":4,"minecraft:dispenser":1,"minecraft:snowball":17,"croptopia:sweetpotato_seed":1,"farmersdelight:onion":44,"alexscaves:cave_map":3,"minecraft:amethyst_shard":1,"croptopia:mustard_seed":4,"croptopia:calamari":1,"croptopia:cantaloupe_seed":2,"minecraft:gravel":1,"minecraft:white_tulip":4,"minecraft:spyglass":4,"minecraft:pointed_dripstone":1,"biomesoplenty:orange_autumn_sapling":6,"croptopia:strawberry_seed":2,"minecraft:carrot":11,"croptopia:blueberry_seed":9,"minecraft:poppy":2,"alexscaves:raw_scarlet_neodymium":64,"minecraft:leather_chestplate":1,"supplementaries:ash":5,"croptopia:blueberry":4,"minecraft:skeleton_skull":1,"spelunkers_charm:rock":5,"minecraft:melon_seeds":3,"minecraft:spruce_wood":1,"minecraft:chest":1,"minecraft:basalt":2,"minecraft:arrow":6,"minecraft:water_bucket":2,"minecraft:bread":71,"croptopia:lettuce_seed":4,"minecraft:lilac":22,"minecraft:mossy_cobblestone":1,"croptopia:kale":4,"minecraft:bookshelf":3,"minecraft:diamond_leggings":1,"croptopia:sweetpotato":1,"croptopia:blackberry":3,"croptopia:raspberry":3,"croptopia:soybean_seed":2,"minecraft:stick":28,"minecraft:iron_block":3,"croptopia:kale_seed":2,"croptopia:greenbean":1,"farmersdelight:cooking_pot":2,"croptopia:zucchini_seed":5,"croptopia:lettuce":2,"minecraft:melon_slice":88,"minecraft:iron_leggings":3,"minecraft:iron_axe":4,"minecraft:bucket":7,"minecraft:dandelion":4,"croptopia:glowing_calamari":2,"minecraft:coarse_dirt":11,"minecraft:jukebox":1,"croptopia:ginger":3,"minecraft:tuff":6,"supplementaries:bomb":2,"minecraft:raw_iron":64,"minecraft:iron_hoe":1,"alexsmobs:ancient_dart":1,"croptopia:cherry":1,"croptopia:bellpepper_seed":1,"alexscaves:radgill":1,"minecraft:diamond_chestplate":1,"croptopia:kiwi_seed":3,"minecraft:iron_chestplate":1,"alexscaves:resistor_shield":1,"minecraft:purple_bed":1,"minecraft:oak_sapling":7,"minecraft:spruce_log":1,"minecraft:stone_pickaxe":2,"minecraft:wooden_pickaxe":2,"minecraft:raw_gold":39,"croptopia:pepper_seed":8,"alexscaves:charred_remnant":1},"minecraft:used":{"minecraft:moss_block":1,"minecraft:beetroot":22,"minecraft:spruce_slab":7,"minecraft:ladder":1,"minecraft:chest":6,"minecraft:rotten_flesh":25,"minecraft:snowball":38,"croptopia:rutabaga_seed":1,"minecraft:grass_block":1,"croptopia:cheese":61,"minecraft:bow":10,"alexscaves:metal_barrel":20,"minecraft:sweet_berries":28,"minecraft:oak_sapling":1,"minecraft:furnace":12,"supplementaries:bamboo_spikes_tipped":2,"minecraft:egg":1,"minecraft:potato":50,"minecraft:spider_spawn_egg":8,"minecraft:damaged_anvil":6,"croptopia:tomato":3,"minecraft:spruce_door":1,"minecraft:blackstone":12,"minecraft:wooden_pickaxe":56,"minecraft:composter":5,"minecraft:golden_apple":1,"croptopia:cucumber":1,"minecraft:blast_furnace":2,"croptopia:orange":12,"croptopia:nectarine":3,"minecraft:lectern":20,"alexscaves:nuclear_siren":8,"minecraft:diamond_sword":313,"minecraft:smithing_table":2,"minecraft:poisonous_potato":11,"minecraft:enchanting_table":10,"croptopia:glowing_calamari":1,"croptopia:starfruit":8,"minecraft:stick":1,"minecraft:torch":55,"minecraft:anvil":4,"croptopia:chile_pepper":1,"minecraft:stone_stairs":1,"croptopia:raspberry":2,"minecraft:golden_shovel":129,"alexscaves:resistor_shield":8,"minecraft:chipped_anvil":1,"minecraft:iron_axe":958,"alexsmobs:ghostly_pickaxe":1,"minecraft:barrel":3,"minecraft:diamond_chestplate":1,"minecraft:basalt":297,"minecraft:beef":10,"minecraft:goat_horn":16,"farmersdelight:cooking_pot":2,"minecraft:cobbled_deepslate":106,"croptopia:grape":11,"farmersdelight:cooked_rice":6,"minecraft:wheat_seeds":136,"minecraft:water_bucket":515,"minecraft:cauldron":2,"croptopia:rhubarb":1,"minecraft:fletching_table":1,"minecraft:deepslate_bricks":2,"minecraft:cracked_stone_bricks":1,"minecraft:crafting_table":15,"minecraft:oak_slab":1,"minecraft:red_bed":1,"supplementaries:bomb":2,"minecraft:white_bed":3,"minecraft:spruce_log":7,"minecraft:diamond_pickaxe":606,"minecraft:mud":1,"alexscaves:rusty_scaffolding":4,"minecraft:sunflower":1,"minecraft:iron_pickaxe":1789,"alexscaves:spelunkie":7,"minecraft:spruce_sapling":126,"minecraft:purple_bed":4,"minecraft:cobblestone":192,"minecraft:potion":3,"minecraft:porkchop":8,"alexscaves:radrock":301,"minecraft:jukebox":1,"minecraft:iron_shovel":654,"minecraft:shield":475,"minecraft:iron_sword":580,"minecraft:green_terracotta":1,"alexscaves:radgill":14,"minecraft:mutton":6,"minecraft:carrot":112,"minecraft:tuff":20,"minecraft:music_disc_13":1,"minecraft:obsidian":4,"minecraft:milk_bucket":5,"minecraft:glass":7,"minecraft:spruce_wood":1,"minecraft:lantern":14,"minecraft:stone_bricks":2,"minecraft:mangrove_roots":1,"minecraft:golden_boots":1,"alexsmobs:raw_catfish":3,"minecraft:stone_pickaxe":309,"minecraft:oak_planks":18,"minecraft:redstone_block":7,"minecraft:blue_bed":1,"minecraft:golden_hoe":70,"alexscaves:cave_book":2,"minecraft:crossbow":1,"alexscaves:metal_scaffolding":14,"minecraft:green_concrete":1,"sophisticatedbackpacks:backpack":1,"minecraft:firework_rocket":21,"minecraft:melon_slice":59,"minecraft:bread":250,"minecraft:gravel":9,"minecraft:grindstone":5,"croptopia:blackberry":1,"minecraft:chain":1,"croptopia:cantaloupe":1,"minecraft:air":1,"minecraft:coarse_dirt":19,"minecraft:bone_meal":286,"minecraft:cobweb":24,"minecraft:cracked_deepslate_bricks":3,"minecraft:flint_and_steel":6,"minecraft:spruce_planks":6,"minecraft:sculk":20,"minecraft:spyglass":42,"minecraft:dirt":444,"croptopia:blueberry":1,"minecraft:white_carpet":1,"minecraft:spruce_stairs":3,"minecraft:iron_hoe":1144,"minecraft:wooden_axe":16,"alexsmobs:maggot":1,"minecraft:bookshelf":71,"alexscaves:spelunkery_table":2,"croptopia:persimmon":5,"croptopia:strawberry":9,"farmersdelight:skillet":5,"minecraft:glass_bottle":48,"minecraft:baked_potato":2,"croptopia:grilled_cheese":6,"minecraft:andesite_slab":2,"croptopia:apricot":10,"minecraft:green_bed":2,"farmersdelight:onion":19,"minecraft:spider_eye":12,"croptopia:olive":2,"minecraft:wooden_hoe":47,"alexscaves:slam":4,"minecraft:apple":17,"minecraft:stone_slab":1,"minecraft:stone_axe":127,"croptopia:barley_seed":1,"croptopia:kiwi":1,"minecraft:white_banner":1,"minecraft:bucket":543},"minecraft:custom":{"minecraft:interact_with_crafting_table":67,"minecraft:open_barrel":82,"minecraft:bell_ring":6,"minecraft:leave_game":32,"minecraft:time_since_death":879188,"minecraft:damage_blocked_by_shield":6894,"minecraft:play_time":1498433,"minecraft:deaths":10,"minecraft:jump":18807,"minecraft:enchant_item":11,"minecraft:interact_with_furnace":399,"minecraft:play_record":1,"minecraft:traded_with_villager":144,"minecraft:sleep_in_bed":17,"minecraft:damage_dealt":45310,"minecraft:interact_with_smithing_table":3,"minecraft:use_cauldron":3,"minecraft:horse_one_cm":1133565,"minecraft:interact_with_anvil":23,"minecraft:damage_dealt_absorbed":68,"minecraft:sneak_time":62187,"minecraft:interact_with_blast_furnace":15,"minecraft:total_world_time":1498433,"minecraft:time_since_rest":16520,"minecraft:swim_one_cm":175148,"minecraft:fly_one_cm":3738914,"minecraft:open_chest":268,"minecraft:fall_one_cm":612455,"minecraft:sprint_one_cm":3009945,"minecraft:drop":523,"minecraft:talked_to_villager":108,"minecraft:walk_on_water_one_cm":250901,"minecraft:interact_with_loom":15,"minecraft:player_kills":1,"minecraft:crouch_one_cm":163781,"minecraft:mob_kills":309,"minecraft:fill_cauldron":1,"minecraft:damage_dealt_resisted":308,"minecraft:climb_one_cm":40709,"minecraft:walk_one_cm":2660332,"minecraft:walk_under_water_one_cm":132874,"minecraft:interact_with_grindstone":9,"minecraft:damage_taken":16632,"minecraft:damage_absorbed":8,"minecraft:aviate_one_cm":360118},"minecraft:mined":{"minecraft:white_bed":1,"croptopia:mustard_crop":2,"minecraft:obsidian":8,"minecraft:granite":2,"minecraft:acacia_log":7,"minecraft:stone_brick_wall":3,"minecraft:jungle_log":2,"minecraft:deepslate_bricks":2,"minecraft:hopper":2,"alexscaves:rusty_rebar":3,"minecraft:oxeye_daisy":2,"minecraft:spawner":7,"minecraft:magma_block":33,"minecraft:sticky_piston":5,"minecraft:cobbled_deepslate":6,"minecraft:fire":7,"minecraft:barrel":37,"minecraft:pumpkin":17,"minecraft:deepslate_lapis_ore":12,"minecraft:fletching_table":3,"minecraft:enchanting_table":9,"minecraft:sculk_shrieker":1,"minecraft:water_cauldron":1,"minecraft:dead_tube_coral":2,"minecraft:dirt_path":7,"amendments:wall_lantern":3,"minecraft:oak_stairs":1,"biomesoplenty:webbing":21,"minecraft:pink_tulip":1,"minecraft:spruce_wood":16,"minecraft:iron_block":2,"minecraft:piston_head":1,"minecraft:red_bed":1,"minecraft:smoker":1,"minecraft:amethyst_cluster":4,"minecraft:powder_snow":3,"minecraft:torch":13,"minecraft:blast_furnace":6,"minecraft:melon":10,"minecraft:polished_andesite_stairs":3,"croptopia:raspberry_crop":1,"minecraft:damaged_anvil":6,"minecraft:amethyst_block":13,"minecraft:skeleton_skull":1,"minecraft:repeater":3,"croptopia:cauliflower_crop":1,"minecraft:mud":7,"minecraft:wheat":71,"minecraft:lilac":17,"minecraft:jukebox":2,"minecraft:stone_brick_stairs":4,"minecraft:grass":136,"minecraft:smooth_basalt":1,"minecraft:stonecutter":2,"minecraft:piston":2,"minecraft:deepslate":196,"minecraft:dead_bubble_coral":1,"minecraft:mossy_cobblestone":12,"alexscaves:radrock":625,"biomesoplenty:desert_grass":3,"minecraft:dark_oak_log":7,"alexscaves:metal_barrel":15,"minecraft:dark_oak_fence":5,"minecraft:allium":1,"minecraft:redstone_wire":2,"minecraft:moss_block":5,"minecraft:cartography_table":2,"supplementaries:bamboo_spikes":2,"croptopia:corn_crop":1,"minecraft:snow":5,"minecraft:andesite":2,"spelunkers_charm:deepslate_rock_pile_2":1,"biomesoplenty:high_grass":3,"minecraft:rail":7,"minecraft:smithing_table":2,"minecraft:oak_slab":1,"minecraft:redstone_block":7,"minecraft:glass_pane":1,"croptopia:lettuce_crop":2,"minecraft:stone_brick_slab":2,"minecraft:dandelion":3,"croptopia:sweetpotato_crop":1,"spelunkers_charm:dead_grass":2,"biomesoplenty:high_grass_plant":2,"minecraft:copper_ore":18,"minecraft:tall_grass":32,"minecraft:deepslate_gold_ore":10,"minecraft:cracked_deepslate_bricks":3,"minecraft:big_dripleaf":1,"minecraft:purple_bed":4,"minecraft:coarse_dirt":26,"minecraft:cobblestone_wall":1,"alexscaves:rusty_barrel":2,"minecraft:spruce_log":475,"minecraft:white_carpet":2,"croptopia:blackberry_crop":1,"alexscaves:geothermal_vent_thin":2,"minecraft:sunflower":13,"minecraft:gravel":38,"minecraft:dripstone_block":2,"minecraft:cobweb":48,"biomesoplenty:stringy_cobweb":2,"croptopia:rutabaga_crop":1,"minecraft:stone_bricks":3,"minecraft:gold_ore":14,"minecraft:chipped_anvil":1,"minecraft:deepslate_emerald_ore":1,"minecraft:fern":3,"minecraft:large_amethyst_bud":2,"minecraft:spruce_planks":12,"biomesoplenty:glowshroom":1,"supplementaries:raked_gravel":1,"minecraft:sculk_vein":81,"alexscaves:geothermal_vent_medium":1,"croptopia:strawberry_crop":3,"minecraft:cobblestone_stairs":1,"minecraft:brewing_stand":1,"minecraft:spruce_trapdoor":2,"minecraft:cave_vines_plant":1,"minecraft:budding_amethyst":1,"minecraft:grass_block":245,"minecraft:composter":6,"minecraft:smooth_stone":1,"minecraft:raw_iron_block":26,"minecraft:sculk_catalyst":2,"minecraft:iron_ore":89,"minecraft:anvil":1,"minecraft:azure_bluet":1,"minecraft:dark_oak_stairs":3,"biomesoplenty:hanging_cobweb":7,"supplementaries:stick":1,"minecraft:red_tulip":1,"alexscaves:underweed":1,"minecraft:spruce_slab":4,"minecraft:green_bed":2,"minecraft:deepslate_redstone_ore":14,"minecraft:blackstone":22,"minecraft:medium_amethyst_bud":1,"biomesoplenty:wildflower":4,"alexscaves:cinder_block_wall":1,"biomesoplenty:hanging_cobweb_strand":5,"minecraft:poppy":2,"minecraft:chest":2,"minecraft:cobblestone":54,"spelunkers_charm:rock_pile_2":1,"alexscaves:rusty_scaffolding":5,"minecraft:grindstone":5,"minecraft:oak_planks":34,"minecraft:wall_torch":16,"minecraft:cauldron":2,"minecraft:deepslate_copper_ore":7,"minecraft:stone_stairs":1,"spelunkers_charm:rock_pile_3":1,"minecraft:powered_rail":6,"minecraft:dark_oak_slab":5,"minecraft:mossy_stone_brick_wall":2,"minecraft:birch_log":4,"minecraft:orange_tulip":2,"croptopia:chile_pepper_crop":1,"croptopia:apricot_crop":1,"minecraft:oak_log":40,"minecraft:acacia_fence":1,"minecraft:sand":278,"minecraft:dirt":306,"alexscaves:unrefined_waste":4,"minecraft:tripwire_hook":1,"minecraft:dispenser":1,"minecraft:oak_leaves":69,"biomesoplenty:glowing_moss_block":2,"alexscaves:spelunkery_table":3,"minecraft:crying_obsidian":2,"minecraft:tuff":55,"minecraft:candle":1,"minecraft:dark_oak_leaves":2,"minecraft:deepslate_diamond_ore":50,"croptopia:kale_crop":1,"minecraft:mangrove_roots":1,"minecraft:glow_lichen":4,"minecraft:ladder":1,"minecraft:chiseled_bookshelf":4,"biomesoplenty:bush":1,"alexscaves:sulfur_cluster":1,"minecraft:spruce_leaves":186,"minecraft:large_fern":1,"croptopia:barley_crop":1,"minecraft:hay_block":79,"alexscaves:radrock_uranium_ore":92,"minecraft:spruce_sapling":58,"minecraft:furnace":3,"minecraft:carrots":16,"biomesoplenty:toadstool":1,"minecraft:detector_rail":2,"minecraft:peony":2,"minecraft:gold_block":1,"minecraft:bell":1,"croptopia:squash_crop":1,"minecraft:bookshelf":44,"minecraft:deepslate_iron_ore":10,"minecraft:lantern":4,"minecraft:stripped_oak_log":2,"minecraft:white_tulip":3,"biomesoplenty:spider_egg":1,"minecraft:stone":478,"sophisticatedbackpacks:backpack":1,"farmersdelight:cooking_pot":3,"minecraft:podzol":12,"minecraft:acacia_leaves":6,"minecraft:infested_stone_bricks":1,"minecraft:snow_block":12,"minecraft:stripped_dark_oak_log":1,"minecraft:basalt":433,"minecraft:spruce_door":1,"minecraft:oak_fence":4,"minecraft:crafting_table":14,"minecraft:oak_wood":3,"minecraft:gray_stained_glass":1,"alexscaves:metal_scaffolding":2,"minecraft:andesite_slab":6,"minecraft:sculk_sensor":2,"minecraft:lectern":26,"minecraft:stone_slab":3,"biomesoplenty:sprout":33,"minecraft:lapis_ore":2,"minecraft:sculk":979,"minecraft:blue_bed":1,"supplementaries:urn":34,"minecraft:spruce_stairs":5,"minecraft:birch_planks":15,"alexscaves:nuclear_siren":9,"minecraft:redstone_torch":1,"biomesoplenty:yellow_autumn_leaves":7,"minecraft:sweet_berry_bush":7,"minecraft:ice":16,"alexscaves:waste_drum":1,"minecraft:bee_nest":1,"minecraft:yellow_bed":1,"minecraft:warped_hyphae":2,"minecraft:coal_ore":195,"minecraft:cracked_stone_bricks":5,"minecraft:mossy_stone_bricks":2},"minecraft:broken":{"minecraft:iron_boots":1,"spelunkers_charm:candle_helmet":1,"minecraft:iron_sword":2,"minecraft:iron_hoe":4,"minecraft:shield":1,"minecraft:iron_axe":5,"minecraft:iron_pickaxe":7,"minecraft:iron_helmet":2,"minecraft:iron_shovel":2,"minecraft:golden_shovel":2,"minecraft:stone_pickaxe":2,"minecraft:stone_axe":1,"minecraft:golden_hoe":2},"minecraft:picked_up":{"minecraft:wooden_axe":1,"minecraft:iron_chestplate":6,"alexscaves:waste_drum":1,"minecraft:anvil":1,"croptopia:grape_seed":19,"minecraft:lead":1,"minecraft:smithing_table":2,"minecraft:stone_slab":1,"endrem:corrupted_eye":2,"biomesoplenty:orange_autumn_sapling":6,"minecraft:oak_stairs":1,"minecraft:enchanted_book":2,"minecraft:golden_shovel":4,"croptopia:calamari":1,"minecraft:brewing_stand":1,"minecraft:amethyst_block":10,"minecraft:string":61,"alexscaves:rusty_barrel":2,"minecraft:gold_nugget":18,"minecraft:cobbled_deepslate":244,"bosses_of_mass_destruction:soul_star":1,"minecraft:spruce_planks":14,"croptopia:blueberry":5,"croptopia:mustard_seed":4,"minecraft:melon_slice":192,"croptopia:cucumber":1,"minecraft:jukebox":2,"croptopia:barley_seed":1,"minecraft:composter":5,"minecraft:green_bed":2,"minecraft:acacia_log":7,"alexsmobs:centipede_leg":2,"minecraft:green_terracotta":1,"minecraft:cauldron":2,"croptopia:persimmon":5,"farmersdelight:onion":50,"croptopia:raspberry_seed":11,"minecraft:red_tulip":3,"minecraft:iron_block":7,"farmersdelight:rope":47,"minecraft:bookshelf":21,"supplementaries:ash":49,"minecraft:snowball":61,"minecraft:birch_log":4,"croptopia:lettuce_seed":4,"minecraft:magma_block":24,"farmersdelight:rice":12,"minecraft:water_bucket":10,"minecraft:jungle_log":3,"minecraft:dark_oak_boat":1,"minecraft:smoker":1,"minecraft:flint":6,"minecraft:lantern":10,"croptopia:kiwi_seed":3,"minecraft:chipped_anvil":1,"minecraft:stonecutter":1,"minecraft:warped_hyphae":2,"croptopia:bellpepper":1,"minecraft:glowstone_dust":1,"minecraft:moss_block":3,"alexscaves:nuclear_siren":9,"endrem:lost_eye":2,"croptopia:turmeric":5,"alexscaves:metal_scaffolding":64,"sophisticatedbackpacks:iron_backpack":6,"spelunkers_charm:candle_on_helmet":1,"minecraft:dark_oak_log":25,"minecraft:barrel":40,"croptopia:chile_pepper":2,"croptopia:cherry":1,"minecraft:dispenser":1,"minecraft:green_concrete":1,"minecraft:lever":1,"croptopia:leek_seed":11,"minecraft:bread":284,"alexsmobs:maggot":1,"minecraft:dark_oak_fence":4,"croptopia:greenonion":1,"sophisticatedbackpacks:gold_backpack":10,"minecraft:mud":2,"minecraft:crafting_table":14,"minecraft:coarse_dirt":49,"farmersdelight:cooked_rice":6,"minecraft:red_bed":1,"minecraft:flint_and_steel":1,"minecraft:compass":1,"minecraft:white_carpet":2,"croptopia:soybean":2,"supplementaries:bomb":4,"minecraft:cracked_stone_bricks":4,"minecraft:cartography_table":1,"minecraft:beef":42,"croptopia:pepper_seed":8,"minecraft:iron_nugget":40,"minecraft:poppy":3,"minecraft:spruce_slab":4,"minecraft:minecart":1,"supplementaries:rope":14,"minecraft:chest":3,"minecraft:egg":4,"artifacts:charm_of_sinking":1,"sophisticatedbackpacks:backpack":10,"farmersdelight:tomato_seeds":11,"minecraft:carrot":54,"minecraft:redstone":9,"minecraft:stone_shovel":1,"minecraft:diamond_chestplate":2,"croptopia:strawberry_seed":12,"minecraft:peony":2,"minecraft:deepslate_bricks":2,"minecraft:hay_block":185,"croptopia:rhubarb":1,"minecraft:cracked_deepslate_bricks":3,"minecraft:totem_of_undying":1,"sophisticatedbackpacks:copper_backpack":4,"minecraft:glow_berries":10,"minecraft:mutton":15,"minecraft:white_wool":1,"minecraft:rail":17,"minecraft:oxeye_daisy":4,"minecraft:stripped_oak_log":2,"minecraft:tripwire_hook":9,"alexscaves:sulfur_dust":5,"croptopia:glowing_calamari":10,"spelunkers_charm:old_miners_bundle":5,"minecraft:oak_log":40,"croptopia:leek":5,"minecraft:golden_boots":2,"alexscaves:charred_remnant":1,"minecraft:blue_bed":1,"minecraft:paper":43,"minecraft:white_banner":1,"croptopia:olive":5,"minecraft:apple":17,"croptopia:barley":2,"minecraft:stone_bricks":3,"farmersdelight:cooking_pot":2,"croptopia:squash":3,"minecraft:stone_pickaxe":4,"minecraft:cobweb":31,"croptopia:tomato":3,"minecraft:glass_bottle":45,"minecraft:iron_sword":6,"minecraft:dark_oak_stairs":1,"minecraft:smooth_basalt":1,"minecraft:dark_oak_slab":5,"minecraft:sweet_berries":17,"minecraft:sculk":20,"minecraft:red_wool":1,"minecraft:spyglass":5,"minecraft:gravel":15,"croptopia:rutabaga_seed":13,"minecraft:spruce_sapling":157,"minecraft:spruce_log":468,"minecraft:crying_obsidian":2,"minecraft:oak_wood":3,"biomesoplenty:mahogany_log":1,"minecraft:purple_bed":4,"minecraft:stone_axe":7,"croptopia:orange":11,"alexscaves:rusty_scaffolding":8,"minecraft:gray_wool":1,"alexscaves:cave_map":3,"minecraft:brown_banner":1,"minecraft:melon_seeds":3,"minecraft:stripped_dark_oak_log":1,"minecraft:hopper":4,"minecraft:ender_pearl":1,"croptopia:zucchini":3,"minecraft:wheat":202,"alexscaves:radgill":14,"minecraft:redstone_block":4,"croptopia:kale":4,"minecraft:potion":11,"minecraft:stone_brick_stairs":1,"alexsmobs:gazelle_horn":8,"croptopia:cantaloupe":2,"croptopia:lettuce":2,"minecraft:raw_copper":79,"alexsmobs:ancient_dart":1,"minecraft:iron_leggings":8,"minecraft:sticky_piston":3,"minecraft:sea_pickle":1,"minecraft:activator_rail":3,"minecraft:smooth_stone":1,"minecraft:bucket":4,"minecraft:white_tulip":4,"minecraft:rose_bush":8,"minecraft:iron_pickaxe":7,"farmersdelight:cabbage_seeds":9,"minecraft:iron_boots":4,"minecraft:furnace":5,"minecraft:tipped_arrow":3,"minecraft:stick":43,"minecraft:acacia_fence":1,"minecraft:oak_fence":3,"croptopia:rutabaga":4,"minecraft:torch":44,"croptopia:blackberry_seed":10,"supplementaries:bamboo_spikes_tipped":2,"minecraft:spruce_stairs":4,"minecraft:porkchop":49,"croptopia:olive_seed":11,"croptopia:ginger_seed":4,"minecraft:pointed_dripstone":1,"minecraft:rotten_flesh":69,"croptopia:squash_seed":8,"minecraft:mangrove_roots":1,"minecraft:obsidian":12,"croptopia:garlic_seed":2,"minecraft:cobblestone":974,"minecraft:enchanting_table":9,"minecraft:leather_chestplate":2,"minecraft:lilac":35,"minecraft:repeater":3,"croptopia:nectarine":3,"minecraft:potato":62,"minecraft:tuff":133,"supplementaries:flax_seeds":72,"croptopia:blueberry_seed":9,"minecraft:lapis_lazuli":98,"minecraft:dirt":677,"minecraft:name_tag":4,"minecraft:leather_boots":2,"minecraft:glass":199,"minecraft:bone":77,"croptopia:corn":1,"minecraft:acacia_planks":14,"croptopia:sweetpotato":1,"minecraft:wheat_seeds":336,"minecraft:bow":5,"minecraft:orange_tulip":3,"alexscaves:toxic_paste":3,"minecraft:raw_gold":3,"minecraft:bell":1,"minecraft:grindstone":5,"minecraft:fletching_table":2,"minecraft:powered_rail":7,"croptopia:kale_seed":2,"minecraft:oak_planks":142,"croptopia:yam":4,"biomesoplenty:toadstool":5,"croptopia:chile_pepper_seed":4,"minecraft:music_disc_13":1,"croptopia:ginger":3,"croptopia:mustard":1,"croptopia:blackberry":4,"minecraft:poisonous_potato":7,"alexscaves:uranium":32,"minecraft:sand":257,"minecraft:melon":9,"minecraft:grass_block":2,"minecraft:lily_of_the_valley":3,"minecraft:mossy_cobblestone":10,"croptopia:hops_seed":7,"minecraft:diamond":42,"minecraft:crossbow":5,"minecraft:bone_meal":320,"minecraft:golden_apple":1,"minecraft:emerald":39,"minecraft:oak_sapling":17,"croptopia:zucchini_seed":5,"minecraft:andesite_slab":2,"minecraft:cocoa_beans":1,"minecraft:allium":1,"minecraft:chicken":2,"minecraft:ladder":1,"alexscaves:metal_barrel":15,"minecraft:chest_minecart":2,"croptopia:sweetpotato_seed":2,"minecraft:wooden_pickaxe":4,"spelunkers_charm:deepslate_rock":4,"minecraft:shield":4,"alexscaves:metal_swarf":2,"alexscaves:cave_codex":1,"minecraft:stone_stairs":1,"minecraft:moss_carpet":1,"minecraft:iron_axe":10,"croptopia:bellpepper_seed":4,"takesapillage:ravager_horn":1,"minecraft:blackstone":17,"minecraft:candle":3,"minecraft:detector_rail":12,"croptopia:tomato_seed":6,"alexsmobs:elastic_tendon":1,"minecraft:lectern":26,"biomesoplenty:wildflower":60,"minecraft:spruce_trapdoor":3,"minecraft:phantom_membrane":4,"minecraft:raw_iron":84,"croptopia:soybean_seed":2,"croptopia:strawberry":6,"croptopia:yam_seed":7,"croptopia:grape":10,"minecraft:arrow":19,"croptopia:cantaloupe_seed":2,"alexscaves:spelunkery_table":2,"minecraft:pink_tulip":2,"minecraft:skeleton_skull":1,"minecraft:air":25,"minecraft:basalt":416,"minecraft:glow_ink_sac":30,"minecraft:leather":23,"alexscaves:rusty_rebar":3,"minecraft:birch_planks":16,"minecraft:yellow_bed":1,"minecraft:gunpowder":3,"minecraft:cobblestone_stairs":1,"minecraft:wooden_hoe":1,"croptopia:garlic":1,"minecraft:spruce_wood":16,"minecraft:iron_ingot":18,"alexscaves:radrock":627,"croptopia:raspberry":5,"croptopia:kiwi":3,"sophisticatedbackpacks:diamond_backpack":1,"minecraft:book":79,"minecraft:oak_slab":1,"croptopia:apricot":10,"minecraft:pumpkin":16,"croptopia:starfruit":8,"alexscaves:fissile_core":1,"minecraft:dandelion":4,"croptopia:cucumber_seed":1,"minecraft:raw_iron_block":90,"minecraft:dripstone_block":2,"croptopia:hops":2,"alexsmobs:tarantula_hawk_elytra":1,"minecraft:amethyst_shard":5,"croptopia:turmeric_seed":6,"minecraft:blast_furnace":3,"minecraft:white_bed":1,"biomesoplenty:glowing_moss_block":1,"minecraft:spruce_door":1,"minecraft:spider_eye":5,"alexsmobs:raw_catfish":9,"minecraft:pumpkin_seeds":14,"minecraft:iron_helmet":4,"croptopia:greenbean":1,"wardrobe:silk":6,"minecraft:damaged_anvil":6,"spelunkers_charm:rock":6,"minecraft:coal":275,"minecraft:sunflower":20},"minecraft:crafted":{"minecraft:smooth_stone":3,"sophisticatedbackpacks:crafting_upgrade":1,"minecraft:bookshelf":1,"minecraft:glass":348,"croptopia:salt":366,"minecraft:magenta_dye":6,"minecraft:emerald":146,"sophisticatedbackpacks:advanced_feeding_upgrade":1,"minecraft:copper_ingot":78,"minecraft:fletching_table":1,"minecraft:iron_pickaxe":1,"minecraft:iron_block":25,"minecraft:gold_ingot":9,"sophisticatedbackpacks:blasting_upgrade":1,"minecraft:golden_carrot":1,"croptopia:cooking_pot":1,"minecraft:spyglass":4,"minecraft:bone_meal":15,"minecraft:pink_dye":1,"minecraft:stone_pickaxe":2,"croptopia:frying_pan":1,"minecraft:wheat":315,"minecraft:enchanting_table":1,"sophisticatedbackpacks:gold_backpack":1,"minecraft:enchanted_book":6,"minecraft:orange_dye":1,"minecraft:wooden_axe":1,"minecraft:iron_shovel":1,"minecraft:iron_leggings":3,"minecraft:oak_planks":136,"minecraft:stone":3,"minecraft:bow":10,"minecraft:iron_boots":2,"minecraft:chest":6,"sophisticatedbackpacks:backpack":2,"minecraft:crafting_table":6,"minecraft:spruce_planks":100,"minecraft:wooden_pickaxe":1,"minecraft:iron_helmet":2,"sophisticatedbackpacks:feeding_upgrade":1,"minecraft:birch_planks":4,"sophisticatedbackpacks:upgrade_base":1,"minecraft:book":2,"minecraft:iron_chestplate":2,"minecraft:diamond_pickaxe":1,"minecraft:yellow_dye":2,"minecraft:shield":2,"sophisticatedbackpacks:diamond_backpack":4,"minecraft:stick":64,"minecraft:iron_ingot":329,"sophisticatedbackpacks:advanced_pickup_upgrade":1,"minecraft:raw_iron":227,"minecraft:furnace":4,"sophisticatedbackpacks:stack_upgrade_starter_tier":1,"minecraft:flint_and_steel":2,"minecraft:iron_axe":10,"minecraft:iron_hoe":2,"minecraft:filled_map":1,"minecraft:glistering_melon_slice":1,"minecraft:red_dye":1,"minecraft:iron_sword":2,"minecraft:bucket":3,"minecraft:stone_axe":1,"minecraft:bread":83,"minecraft:air":0,"sophisticatedbackpacks:pickup_upgrade":1,"minecraft:anvil":2,"minecraft:acacia_planks":28,"minecraft:torch":16,"minecraft:lapis_lazuli":9,"minecraft:diamond_chestplate":1}},"DataVersion":3465}