{"stats":{"minecraft:killed_by":{"alexsmobs:murmur_head":1,"minecraft:spider":2,"alexsmobs:centipede_head":2},"minecraft:killed":{"minecraft:cave_spider":3,"minecraft:spider":7,"alexsmobs:murmur":6,"minecraft:cod":13,"minecraft:skeleton":9,"minecraft:chicken":3,"alexsmobs:centipede_head":4,"minecraft:salmon":10,"minecraft:creeper":1,"minecraft:sheep":9,"minecraft:zombie":11,"minecraft:cow":4,"alexsmobs:murmur_head":1,"alexsmobs:underminer":1,"minecraft:drowned":2,"alexsmobs:cockroach":1},"minecraft:dropped":{"sophisticatedbackpacks:iron_backpack":1,"minecraft:moss_block":3,"croptopia:rutabaga":1,"minecraft:cooked_beef":1,"minecraft:red_wool":2,"minecraft:dirt":7,"farmersdelight:onion":4,"minecraft:wooden_sword":2,"minecraft:bone_meal":162,"minecraft:sunflower":7,"croptopia:rutabaga_seed":2,"minecraft:iron_pickaxe":2,"croptopia:mustard_seed":2,"minecraft:white_wool":1,"minecraft:bone":9,"minecraft:mangrove_roots":3,"alexsmobs:gazelle_horn":1,"minecraft:rotten_flesh":8,"minecraft:golden_shovel":1,"minecraft:azure_bluet":1,"sophisticatedbackpacks:diamond_backpack":1,"supplementaries:flax_seeds":2,"supplementaries:ash":12,"spelunkers_charm:rock":3,"minecraft:spruce_wood":1,"farmersdelight:rope":7,"minecraft:spruce_slab":2,"croptopia:mustard":1,"minecraft:egg":1,"minecraft:water_bucket":1,"minecraft:bread":1,"minecraft:wheat_seeds":15,"minecraft:lilac":1,"croptopia:blackbean":1,"minecraft:mangrove_propagule":1,"minecraft:feather":3,"minecraft:oak_fence":2,"minecraft:iron_helmet":1,"minecraft:book":2,"minecraft:spruce_door":1,"minecraft:stick":14,"minecraft:torch":2,"minecraft:wooden_axe":1,"minecraft:rose_bush":2,"minecraft:iron_leggings":1,"minecraft:iron_axe":2,"minecraft:string":7,"minecraft:spruce_sapling":31,"minecraft:dandelion":1,"croptopia:yam":1,"minecraft:redstone":5,"minecraft:moss_carpet":7,"minecraft:kelp":6,"minecraft:oak_trapdoor":4,"minecraft:stone_sword":2,"minecraft:raw_copper":4,"minecraft:tuff":15,"minecraft:composter":2,"minecraft:stone_shovel":1,"croptopia:raspberry_seed":2,"minecraft:clay_ball":16,"sophisticatedbackpacks:backpack":2,"minecraft:spruce_fence":6,"minecraft:shield":1,"minecraft:diamond_chestplate":1,"minecraft:allium":4,"alexsmobs:cockroach_wing_fragment":2,"croptopia:roe":1,"minecraft:spider_eye":2,"minecraft:barrel":1,"sophisticatedbackpacks:copper_backpack":1,"minecraft:bow":1,"minecraft:stone_pickaxe":1,"minecraft:wooden_pickaxe":4,"minecraft:calcite":6,"minecraft:stripped_spruce_wood":1,"minecraft:black_wool":1},"minecraft:used":{"minecraft:iron_shovel":2,"minecraft:ladder":80,"minecraft:chest":4,"minecraft:shield":74,"minecraft:iron_sword":305,"spelunkers_charm:deepslate_rock":2,"minecraft:stone_bricks":4,"minecraft:bow":6,"minecraft:sweet_berries":10,"minecraft:mangrove_roots":4,"minecraft:cooked_cod":13,"minecraft:furnace":8,"biomesoplenty:fir_trapdoor":1,"croptopia:roe":26,"minecraft:egg":1,"minecraft:diorite":23,"minecraft:spruce_door":1,"minecraft:stone_pickaxe":675,"minecraft:cactus":2,"minecraft:wooden_pickaxe":96,"biomesoplenty:fir_planks":135,"minecraft:sugar_cane":6,"minecraft:blast_furnace":1,"sophisticatedbackpacks:backpack":2,"minecraft:melon_slice":3,"minecraft:bread":33,"minecraft:lectern":1,"minecraft:lilac":2,"minecraft:wooden_sword":48,"minecraft:smithing_table":2,"croptopia:blackberry":1,"minecraft:green_concrete_powder":2,"minecraft:rose_bush":2,"minecraft:stone_sword":41,"minecraft:tropical_fish":1,"minecraft:stone_shovel":143,"minecraft:spruce_planks":12,"minecraft:cooked_salmon":10,"minecraft:cooked_chicken":3,"minecraft:orange_bed":2,"endrem:lost_eye":1,"minecraft:stick":1,"minecraft:torch":127,"minecraft:dirt":196,"minecraft:anvil":1,"minecraft:spruce_stairs":5,"croptopia:raspberry":1,"minecraft:wooden_axe":14,"alexscaves:spelunkery_table":2,"minecraft:cooked_beef":13,"minecraft:cobbled_deepslate":192,"minecraft:calcite":38,"minecraft:cooked_mutton":11,"minecraft:water_bucket":21,"minecraft:green_bed":1,"minecraft:cracked_stone_bricks":2,"minecraft:crafting_table":14,"minecraft:white_bed":5,"minecraft:spruce_log":1,"minecraft:smoker":2,"minecraft:sunflower":1,"minecraft:iron_pickaxe":1073,"minecraft:stone_axe":264,"minecraft:fishing_rod":5,"minecraft:cobblestone":380,"minecraft:bucket":22,"biomesoplenty:fir_log":7},"minecraft:custom":{"minecraft:interact_with_crafting_table":89,"minecraft:open_barrel":11,"minecraft:leave_game":3,"minecraft:time_since_death":106116,"minecraft:sprint_one_cm":640369,"minecraft:damage_blocked_by_shield":2845,"minecraft:drop":163,"minecraft:talked_to_villager":2,"minecraft:play_time":452857,"minecraft:deaths":8,"minecraft:jump":6053,"minecraft:interact_with_brewingstand":1,"minecraft:walk_on_water_one_cm":62883,"minecraft:interact_with_furnace":63,"minecraft:interact_with_loom":3,"minecraft:sleep_in_bed":14,"minecraft:damage_dealt":8735,"minecraft:crouch_one_cm":110717,"minecraft:interact_with_smoker":15,"minecraft:interact_with_smithing_table":3,"minecraft:interact_with_anvil":2,"minecraft:mob_kills":89,"minecraft:climb_one_cm":14625,"minecraft:walk_one_cm":1086862,"minecraft:sneak_time":48909,"minecraft:walk_under_water_one_cm":65164,"minecraft:interact_with_blast_furnace":16,"minecraft:total_world_time":452857,"minecraft:interact_with_grindstone":1,"minecraft:time_since_rest":43095,"minecraft:damage_taken":9026,"minecraft:trigger_trapped_chest":2,"minecraft:swim_one_cm":180988,"minecraft:fly_one_cm":890032,"minecraft:open_chest":97,"minecraft:fall_one_cm":165333},"minecraft:mined":{"minecraft:large_amethyst_bud":4,"minecraft:spruce_planks":1,"minecraft:white_bed":6,"croptopia:greenbean_crop":1,"minecraft:grass_block":86,"minecraft:spawner":1,"biomesoplenty:stripped_fir_log":7,"minecraft:magma_block":122,"minecraft:sculk_catalyst":1,"minecraft:iron_ore":84,"minecraft:cobbled_deepslate":12,"minecraft:barrel":1,"minecraft:moss_carpet":3,"minecraft:pumpkin":27,"minecraft:anvil":1,"minecraft:deepslate_lapis_ore":2,"biomesoplenty:hanging_cobweb":6,"minecraft:dirt_path":2,"biomesoplenty:webbing":5,"minecraft:spruce_wood":1,"minecraft:spruce_slab":6,"minecraft:orange_bed":1,"minecraft:deepslate_redstone_ore":4,"minecraft:blackstone":31,"minecraft:kelp_plant":2,"minecraft:smoker":1,"minecraft:medium_amethyst_bud":2,"minecraft:amethyst_cluster":4,"biomesoplenty:hanging_cobweb_strand":1,"minecraft:clay":5,"minecraft:torch":23,"minecraft:blast_furnace":1,"minecraft:calcite":42,"minecraft:green_concrete_powder":3,"minecraft:cobblestone":46,"spelunkers_charm:deepslate_geyser":1,"minecraft:sugar_cane":5,"minecraft:oak_planks":15,"minecraft:wall_torch":14,"minecraft:amethyst_block":17,"minecraft:deepslate_copper_ore":8,"spelunkers_charm:rock_pile_3":1,"minecraft:lilac":3,"biomesoplenty:fir_log":114,"minecraft:grass":87,"minecraft:dirt":126,"minecraft:mangrove_log":20,"minecraft:oak_leaves":1,"minecraft:deepslate":580,"alexscaves:spelunkery_table":2,"minecraft:tuff":74,"minecraft:deepslate_diamond_ore":7,"biomesoplenty:desert_grass":1,"minecraft:mangrove_roots":11,"minecraft:glow_lichen":2,"minecraft:spruce_fence":6,"minecraft:spruce_leaves":6,"minecraft:moss_block":4,"minecraft:kelp":1,"minecraft:hay_block":40,"minecraft:oak_trapdoor":4,"minecraft:furnace":2,"biomesoplenty:toadstool":1,"minecraft:bookshelf":3,"minecraft:vine":2,"biomesoplenty:high_grass":52,"minecraft:deepslate_iron_ore":43,"minecraft:stone":543,"sophisticatedbackpacks:backpack":2,"minecraft:green_wool":4,"minecraft:smithing_table":2,"minecraft:spruce_door":2,"croptopia:sweetpotato_crop":1,"minecraft:oak_fence":2,"minecraft:crafting_table":1,"biomesoplenty:fir_planks":13,"minecraft:sculk_sensor":2,"minecraft:lectern":1,"biomesoplenty:high_grass_plant":197,"minecraft:tall_grass":16,"minecraft:copper_ore":13,"croptopia:blackbean_crop":1,"minecraft:deepslate_coal_ore":6,"biomesoplenty:sprout":10,"minecraft:lapis_ore":4,"minecraft:deepslate_gold_ore":9,"minecraft:sculk":4,"minecraft:diorite":28,"supplementaries:urn":17,"minecraft:spruce_stairs":6,"minecraft:sweet_berry_bush":7,"minecraft:ice":2,"minecraft:spruce_log":24,"minecraft:birch_leaves":1,"minecraft:mangrove_leaves":6,"minecraft:bee_nest":1,"minecraft:coal_ore":73,"biomesoplenty:fir_leaves":3,"minecraft:sunflower":4,"biomesoplenty:fir_trapdoor":1,"minecraft:gravel":18,"biomesoplenty:stringy_cobweb":2,"croptopia:rutabaga_crop":1,"minecraft:cobweb":13,"minecraft:cracked_stone_bricks":3,"minecraft:stone_bricks":4,"minecraft:fern":2},"minecraft:broken":{"minecraft:golden_leggings":1,"minecraft:stone_pickaxe":4,"spelunkers_charm:candle_helmet":1,"minecraft:stone_shovel":1,"minecraft:wooden_pickaxe":1,"minecraft:iron_pickaxe":4},"minecraft:picked_up":{"minecraft:wheat":4,"minecraft:anvil":1,"minecraft:smithing_table":2,"alexscaves:cave_tablet":13,"minecraft:enchanted_book":6,"minecraft:golden_shovel":1,"minecraft:amethyst_block":17,"biomesoplenty:fir_trapdoor":1,"alexsmobs:gazelle_horn":1,"minecraft:string":15,"minecraft:raw_copper":79,"minecraft:iron_leggings":1,"minecraft:gold_nugget":13,"minecraft:cobbled_deepslate":607,"biomesoplenty:fir_planks":27,"minecraft:bucket":2,"minecraft:spruce_planks":16,"minecraft:rose_bush":4,"minecraft:calcite":54,"minecraft:iron_pickaxe":5,"croptopia:mustard_seed":2,"minecraft:mangrove_log":19,"minecraft:furnace":2,"minecraft:stick":8,"croptopia:barley_seed":1,"croptopia:blackbean":2,"minecraft:composter":2,"minecraft:oak_fence":2,"minecraft:green_bed":1,"minecraft:torch":166,"croptopia:rutabaga":1,"minecraft:spruce_stairs":14,"minecraft:diorite":35,"minecraft:golden_chestplate":1,"alexsmobs:centipede_leg":4,"minecraft:orange_bed":2,"minecraft:stone_sword":1,"minecraft:cactus":2,"minecraft:rotten_flesh":10,"croptopia:squash_seed":2,"minecraft:tropical_fish":1,"farmersdelight:onion":4,"croptopia:raspberry_seed":4,"minecraft:mangrove_roots":11,"minecraft:green_wool":2,"supplementaries:quiver":3,"supplementaries:ash":26,"minecraft:cod":13,"minecraft:cobblestone":578,"minecraft:magma_block":125,"minecraft:cooked_beef":1,"minecraft:feather":6,"minecraft:lilac":3,"minecraft:water_bucket":2,"minecraft:green_concrete_powder":2,"minecraft:golden_leggings":1,"minecraft:smoker":1,"artifacts:thorn_pendant":1,"biomesoplenty:fir_log":185,"minecraft:flint":3,"minecraft:tuff":75,"minecraft:stripped_spruce_wood":1,"supplementaries:flax_seeds":3,"minecraft:lapis_lazuli":103,"minecraft:dirt":232,"minecraft:name_tag":1,"minecraft:bone":17,"croptopia:sweetpotato":2,"minecraft:bow":4,"minecraft:wheat_seeds":22,"minecraft:raw_gold":9,"minecraft:moss_block":3,"croptopia:roe":79,"croptopia:kale_seed":1,"minecraft:oak_planks":13,"croptopia:yam":1,"croptopia:mustard":1,"croptopia:blackberry":1,"sophisticatedbackpacks:iron_backpack":1,"spelunkers_charm:candle_on_helmet":3,"minecraft:trapped_chest":1,"alexsmobs:animal_dictionary":2,"minecraft:barrel":1,"minecraft:diamond":8,"minecraft:bone_meal":162,"minecraft:golden_apple":1,"minecraft:emerald":8,"minecraft:bread":25,"minecraft:fishing_rod":1,"minecraft:crafting_table":1,"minecraft:allium":4,"minecraft:azure_bluet":1,"minecraft:chicken":5,"minecraft:clay_ball":16,"minecraft:golden_pickaxe":1,"croptopia:sweetpotato_seed":1,"spelunkers_charm:deepslate_rock":2,"minecraft:shield":1,"minecraft:moss_carpet":7,"alexscaves:cave_codex":3,"minecraft:oak_trapdoor":4,"minecraft:iron_axe":2,"croptopia:soybean":1,"minecraft:blackstone":34,"supplementaries:bomb":4,"minecraft:cracked_stone_bricks":4,"minecraft:music_disc_otherside":2,"minecraft:beef":17,"alexsmobs:elastic_tendon":2,"minecraft:iron_nugget":49,"minecraft:spruce_slab":10,"minecraft:lectern":2,"minecraft:sugar_cane":12,"supplementaries:rope":51,"minecraft:egg":4,"minecraft:raw_iron":132,"croptopia:greenbean_seed":1,"croptopia:blackbean_seed":2,"minecraft:spruce_fence":10,"sophisticatedbackpacks:backpack":5,"minecraft:redstone":9,"croptopia:yam_seed":2,"minecraft:stone_shovel":4,"minecraft:arrow":64,"minecraft:diamond_chestplate":1,"minecraft:hay_block":40,"alexscaves:spelunkery_table":4,"sophisticatedbackpacks:copper_backpack":1,"alexsmobs:ghostly_pickaxe":3,"minecraft:mutton":24,"minecraft:white_wool":11,"minecraft:salmon":10,"minecraft:leather":1,"minecraft:paper":62,"minecraft:cooked_mutton":4,"biomesoplenty:stripped_fir_log":7,"croptopia:barley":1,"minecraft:stone_bricks":4,"minecraft:kelp":6,"alexsmobs:cockroach_wing_fragment":2,"croptopia:raspberry":2,"minecraft:iron_ingot":28,"minecraft:spruce_wood":1,"minecraft:stone_pickaxe":11,"minecraft:iron_sword":3,"sophisticatedbackpacks:diamond_backpack":1,"minecraft:book":46,"minecraft:pumpkin":54,"minecraft:sweet_berries":10,"minecraft:red_wool":2,"minecraft:dandelion":1,"minecraft:spyglass":1,"minecraft:gravel":17,"minecraft:amethyst_shard":16,"croptopia:rutabaga_seed":2,"minecraft:spruce_sapling":31,"minecraft:blast_furnace":1,"minecraft:white_bed":9,"minecraft:spruce_log":21,"minecraft:spruce_door":2,"minecraft:spider_eye":4,"minecraft:stone_axe":2,"minecraft:chainmail_leggings":1,"minecraft:iron_helmet":6,"croptopia:greenbean":1,"minecraft:black_wool":2,"spelunkers_charm:rock":3,"minecraft:mangrove_propagule":1,"minecraft:coal":83,"minecraft:sunflower":13},"minecraft:crafted":{"biomesoplenty:fir_trapdoor":2,"minecraft:cooked_chicken":3,"minecraft:cooked_mutton":15,"minecraft:bow":1,"minecraft:iron_boots":2,"minecraft:chest":4,"minecraft:smoker":1,"minecraft:crafting_table":13,"minecraft:spruce_planks":80,"minecraft:iron_helmet":1,"minecraft:wooden_pickaxe":5,"biomesoplenty:fir_planks":348,"minecraft:iron_chestplate":2,"minecraft:charcoal":13,"minecraft:shield":2,"minecraft:stick":364,"minecraft:iron_ingot":117,"minecraft:iron_pickaxe":8,"minecraft:stone_sword":2,"minecraft:wooden_sword":2,"minecraft:stone_shovel":3,"minecraft:furnace":7,"minecraft:iron_axe":1,"minecraft:ladder":108,"minecraft:stone_pickaxe":9,"minecraft:wheat":360,"minecraft:cooked_beef":10,"minecraft:sugar":6,"minecraft:cooked_cod":13,"minecraft:iron_sword":3,"minecraft:cooked_salmon":10,"minecraft:mangrove_planks":60,"minecraft:stone_axe":4,"minecraft:bread":121,"minecraft:air":0,"minecraft:wooden_axe":1,"minecraft:iron_leggings":1,"minecraft:torch":80}},"DataVersion":3465}